source_term,target_term,abbreviation,note
pH,pH,,Protected token; retained as is.
NTU,NTU,,Protected token; retained as is.
QMS-07,QMS-07,,Protected token; retained as is.
PBT,PBT,,Protected token; retained as is.
turbidity,turbidity,,No standard Setswana equivalent; retained in English as per technical usage.
probe,probe,,No standard Setswana equivalent; retained in English.
microbiological bottle,botlhelo jwa microbiological,,Retained 'microbiological' in English; 'bottle' translated as 'botlhelo'.
Chain of Custody Form,Foromo ya Chain of Custody,,Standard administrative term; retained in English with Setswana word for 'form'.
correction fluid,setlhotlho sa go phimola,,Translated as 'eraser fluid'; may need review for regional usage.
authorised official,lekgetho le le letleletsweng,,Translated as 'authorised official'; may need review for clarity.
