title,phase,subject_family,language_guess,recommended_blueprint,signals_source_based,signals_essay_or_extended_response,signals_case_study,signals_data_graph_diagram,signals_practical_investigation,signals_project_or_sba,signals_oral_or_performance,signals_calculation_problem,signals_formal_test_or_exam,path,sha256
Accounting,fet_grade_10_12,commerce,Unknown,case_study_structured_questions,False,False,True,True,True,True,True,True,True,/home/byron/Downloads/KnowEdge_AutoRelease_Suite/corpora/caps/pdf/fet_grade_10_12/caps_fet_accounting_gr_10-12_web_cab3.pdf,b245128f319c541660444953a70887cf70f43f3cb3611746af5f258af306c546
Afrikaans,fet_grade_10_12,language,Afrikaans,language_integrated_assessment,False,True,True,True,True,False,False,False,False,/home/byron/Downloads/KnowEdge_AutoRelease_Suite/corpora/caps/pdf/fet_grade_10_12/caps_fet_fal_afrikaans_gr_10-12_web_9455.pdf,190c1ae0eb05597c029bfe6592d3a8786c8c170b2c5f1f35b06e00e64e32f92f
Afrikaans,fet_grade_10_12,language,Afrikaans,language_integrated_assessment,False,True,True,True,True,False,False,False,False,/home/byron/Downloads/KnowEdge_AutoRelease_Suite/corpora/caps/pdf/fet_grade_10_12/caps_fet_afrikaans_sal_web_e3dc.pdf,f9c4df86365036b19e5fe17c41a9160804508a54c230c271849fac8fcd6fba15
Afrikaans,fet_grade_10_12,language,Afrikaans,language_integrated_assessment,False,True,True,True,True,False,False,False,False,/home/byron/Downloads/KnowEdge_AutoRelease_Suite/corpora/caps/pdf/fet_grade_10_12/caps_fet_home_afrikaans_gr_10-12_web_0544.pdf,30161db5898be3393d031e51094752669fdd8a5748420ada2d1785c16865ce0f
Agricultural Management Practices,fet_grade_10_12,other,Unknown,practical_investigation,False,False,True,True,True,True,True,True,True,/home/byron/Downloads/KnowEdge_AutoRelease_Suite/corpora/caps/pdf/fet_grade_10_12/caps_fet_agri_management_practices_gr_10-12_web_b373.pdf,cd48234a652b25e22d1d93f5fab49b1b3f77f2f56cb9618531b1b6bc3868a740
Agricultural Science,fet_grade_10_12,science,Unknown,data_diagram_practical_investigation,True,False,False,True,True,True,True,True,True,/home/byron/Downloads/KnowEdge_AutoRelease_Suite/corpora/caps/pdf/fet_grade_10_12/caps_fet_agricultural_science_web_1cc4.pdf,cf42784e2372de68e29c6e3e69bbb34401e368f72e30d5e860c04856dbd8f2f0
Agricultural Technology,fet_grade_10_12,technology,Unknown,practical_project_design_task,False,False,True,True,True,True,True,True,True,/home/byron/Downloads/KnowEdge_AutoRelease_Suite/corpora/caps/pdf/fet_grade_10_12/caps_fet_agricultural_technology_web_2af0.pdf,b35179f225c2d8fe0b7e3c32fd77da7d306410c6ea2615241c43489e3a19f333
Besigheid studies (Business Studies),fet_grade_10_12,commerce,Afrikaans,case_study_structured_questions,False,False,True,True,True,False,True,False,False,/home/byron/Downloads/KnowEdge_AutoRelease_Suite/corpora/caps/pdf/fet_grade_10_12/caps_fet_afrikaans_besigheidstudies_gr_10-12_web.pdf,e96c028d658d4fd90b483212e70b082f2c0043ac8e21e1f810b667b843167cbe
Business Studies,fet_grade_10_12,commerce,Unknown,case_study_structured_questions,True,False,True,True,True,True,True,True,True,/home/byron/Downloads/KnowEdge_AutoRelease_Suite/corpora/caps/pdf/fet_grade_10_12/caps_fet_business_studies_gr_10-12_web_0ca7.pdf,e6f0a21b96fa87ccfccb732a9240a579bf0157916b86a1cdd98a2876cf76db27
Civil Technology,fet_grade_10_12,technology,Unknown,practical_project_design_task,False,False,True,True,True,True,True,True,True,/home/byron/Downloads/KnowEdge_AutoRelease_Suite/corpora/caps/pdf/fet_grade_10_12/caps_fet_civil_technology_gr_10-12_web_abb6.pdf,33a64e27aeced89a3b214a8482444ac6f2b22878fc095076e1e3bba1b8bae132
Computer Applications Technology,fet_grade_10_12,technology,Unknown,practical_project_design_task,False,False,True,True,True,True,True,True,True,/home/byron/Downloads/KnowEdge_AutoRelease_Suite/corpora/caps/pdf/fet_grade_10_12/caps_fet_computer_applications_technology_gr_10-12_web_6ac6.pdf,b789c8558337cdf466757830b008d3de66f4ce169719f512a01aec791fc5958e
Consumer Studies,fet_grade_10_12,commerce,Unknown,case_study_structured_questions,False,False,True,True,True,True,True,True,True,/home/byron/Downloads/KnowEdge_AutoRelease_Suite/corpora/caps/pdf/fet_grade_10_12/caps_fet_consumer_studies_gr_10-12_web_c5db.pdf,920f50fc0be1ab5c75e37a0135cd967362d75add40db601645f124697e845a57
Curriculum Assessment Policy Statement CAPS Gr 10-12,fet_grade_10_12,other,Unknown,practical_investigation,True,False,True,True,True,True,True,True,True,/home/byron/Downloads/KnowEdge_AutoRelease_Suite/corpora/caps/pdf/fet_grade_10_12/caps_fet_marine_sciences_final_for_government_gazette._10_may_2019.pdf,03a2eb2d67de339efe7be8b133f010e2eb68591467af9a2dd21140980ae8bd0d
Dance Studies,fet_grade_10_12,arts,Unknown,practical_performance_or_portfolio,True,True,False,True,True,True,True,False,True,/home/byron/Downloads/KnowEdge_AutoRelease_Suite/corpora/caps/pdf/fet_grade_10_12/caps_fet_dance_studies_gr_10-12_web_6466.pdf,9b7901748f4f625e8f0ad6ec724e4c98493856f878c8229107e6da7be8410ada
Design Studies,fet_grade_10_12,arts,Unknown,practical_performance_or_portfolio,True,True,True,True,True,True,True,False,True,/home/byron/Downloads/KnowEdge_AutoRelease_Suite/corpora/caps/pdf/fet_grade_10_12/caps_fet_design_studies_gr_10-12_web_4977.pdf,f4cc13d827222ab42a8eb0180a86d285732e755be8ee5e4d7abd4ed79ebdafac
Dramatic Arts,fet_grade_10_12,arts,Unknown,practical_performance_or_portfolio,True,True,True,True,True,True,True,False,True,/home/byron/Downloads/KnowEdge_AutoRelease_Suite/corpora/caps/pdf/fet_grade_10_12/caps_fet_dramatic_arts_gr_10-12_web_ea5e.pdf,cc17139684ab6c8c7681b62eda43d33e1e1666e9b81bc64be178378ac404636a
Dramatiese Kunste (Dramatic Arts),fet_grade_10_12,language,Afrikaans,language_integrated_assessment,False,False,True,False,True,False,True,False,True,/home/byron/Downloads/KnowEdge_AutoRelease_Suite/corpora/caps/pdf/fet_grade_10_12/caps_fet_afrikaans_dramatiese_kunste_gr_10-12_web.pdf,ac1aac5648bee089dc19b11f47d96db8782fd3968f9483e62d475f55e3e0c1e3
Economics,fet_grade_10_12,commerce,Unknown,case_study_structured_questions,True,True,True,True,True,True,True,True,True,/home/byron/Downloads/KnowEdge_AutoRelease_Suite/corpora/caps/pdf/fet_grade_10_12/caps_fet_economics_gr_10-12_web_bd13.pdf,c683d798ec4eaf3ed42f937d8c51130daaa3537ea68c40233c5333e83e984268
Ekonomie (Economics),fet_grade_10_12,commerce,Afrikaans,structured_theory_application,False,False,False,True,True,True,False,False,False,/home/byron/Downloads/KnowEdge_AutoRelease_Suite/corpora/caps/pdf/fet_grade_10_12/caps_fet_afrikaans_ekonomie_gr_10-12_web.pdf,b7d897b4bb9d6a3a60e19a90e98c2430f4ad0676dc79892680f5a0a2ea6ca941
Electrical Technology,fet_grade_10_12,technology,Unknown,practical_project_design_task,False,False,True,True,True,True,True,True,True,/home/byron/Downloads/KnowEdge_AutoRelease_Suite/corpora/caps/pdf/fet_grade_10_12/caps_fet_electrical_technology_gr_10-12_web_c57c.pdf,fb3c95c989863d1a6771a5da97c3d4c28191512dd959150564761d45da4bdad4
Elektriese Tegnologie (Electrical Technology),fet_grade_10_12,language,Afrikaans,language_integrated_assessment,False,False,True,True,True,False,False,False,True,/home/byron/Downloads/KnowEdge_AutoRelease_Suite/corpora/caps/pdf/fet_grade_10_12/caps_fet_afrikaans_elektriese_tegnologie_gr_10-12_web.pdf,a69dbae868642db196edf9345dd5ad7f1ca8caac30a385f27281964dad7b3a81
Engineering Graphics and Design,fet_grade_10_12,technology,Unknown,practical_project_design_task,True,False,True,True,True,True,True,True,True,/home/byron/Downloads/KnowEdge_AutoRelease_Suite/corpora/caps/pdf/fet_grade_10_12/caps_fet_engineering_grapichs_design_gr_10-12_web_8899.pdf,f5f1251d07edd0ed7ff05c1d78b28e6632a04b7653475db6c742b5ee30d08dc3
English,fet_grade_10_12,language,English,language_integrated_assessment,True,True,True,True,True,True,True,True,True,/home/byron/Downloads/KnowEdge_AutoRelease_Suite/corpora/caps/pdf/fet_grade_10_12/caps_fet_sal_english_gr_10-12_web_1bb7.pdf,a2ffcf619d5bfdd83f15b65f6538ba8a4a498b3f0d0aaf910fe83668af1484b2
English,fet_grade_10_12,language,English,language_integrated_assessment,True,True,True,True,True,True,True,True,True,/home/byron/Downloads/KnowEdge_AutoRelease_Suite/corpora/caps/pdf/fet_grade_10_12/caps_fet_fal_english_gr_10-12_web_65dc.pdf,3d97f707a8ad56b58713ecd3a7e0ca8cf8698ba367e128a647718f7a47067407
English,fet_grade_10_12,language,English,language_integrated_assessment,True,True,True,True,True,True,True,False,True,/home/byron/Downloads/KnowEdge_AutoRelease_Suite/corpora/caps/pdf/fet_grade_10_12/caps_fet_home_english_gr_10-12_web_5478.pdf,624641273e9e44987fd1b83a6f4fdb549a4649d57de7f2460ace9dc44b761c71
Equine Studies,fet_grade_10_12,other,Unknown,practical_investigation,True,False,True,True,True,True,True,True,True,/home/byron/Downloads/KnowEdge_AutoRelease_Suite/corpora/caps/pdf/fet_grade_10_12/equine_studies.pdf,d4abcdcf899b1bf650daeca1342a271a85c214a0579170e7f3242514e1a9de9b
FET Phase (Grade 10 -12),fet_grade_10_12,other,Unknown,source_based_plus_extended_response,True,True,True,True,True,True,True,False,True,/home/byron/Downloads/KnowEdge_AutoRelease_Suite/corpora/caps/pdf/fet_grade_10_12/caps_sasignlanguage_hl_fet_gr_10-12_2.pdf,c655056b7fa567efb8134c4c700f31c03d210501f8899dab307728a9cd3c14b4
Fisiese Wetenskap (Physical Science),fet_grade_10_12,language,Afrikaans,language_integrated_assessment,False,False,False,True,True,True,False,False,True,/home/byron/Downloads/KnowEdge_AutoRelease_Suite/corpora/caps/pdf/fet_grade_10_12/caps_fet_afrikaans_fisiese_wetenskap_gr_10-12_web.pdf,771c1270198f5bc12aa49b2daf8641ce7815d6c1a3b2944174954f0f4c8d9b62
French,fet_grade_10_12,other,Unknown,source_based_plus_extended_response,True,True,True,True,True,True,True,True,True,/home/byron/Downloads/KnowEdge_AutoRelease_Suite/corpora/caps/pdf/fet_grade_10_12/caps_french_second_additional_language_grades_10-12.pdf,10af26445c7f18f7ee36f2aa90f0f67860146d451bae79f7f8a80fb47d0eea39
Gasvryheid (Hospitality Studies),fet_grade_10_12,language,Afrikaans,language_integrated_assessment,False,False,True,False,True,True,False,False,True,/home/byron/Downloads/KnowEdge_AutoRelease_Suite/corpora/caps/pdf/fet_grade_10_12/caps_fet_afrikaans_gasvryheid_studies_gr_10-12_web.pdf,e573db2ac6c9bedc4dc4deacc702363af1d9c8cb8cfa1c34962b3c918e61bd7d
Geografie (Geography),fet_grade_10_12,social_sciences,Afrikaans,practical_investigation,False,True,False,True,True,True,False,False,False,/home/byron/Downloads/KnowEdge_AutoRelease_Suite/corpora/caps/pdf/fet_grade_10_12/caps_fet_geography_afr_web.pdf,f58c9c6a40d85ce78847e735623180838853f64d2498a01443183434afc1de0c
Geography,fet_grade_10_12,social_sciences,Unknown,source_based_plus_extended_response,True,True,True,True,True,True,True,True,True,/home/byron/Downloads/KnowEdge_AutoRelease_Suite/corpora/caps/pdf/fet_grade_10_12/caps_fet_geography_gr_10-12_web_c9a9.pdf,5c6f0278c55f95316db7df300d3dd2e428af7b4d7185f4ccfcda44a59663c1aa
Geskiedenis (History),fet_grade_10_12,social_sciences,Afrikaans,source_based_plus_essay,False,False,False,False,False,True,False,False,False,/home/byron/Downloads/KnowEdge_AutoRelease_Suite/corpora/caps/pdf/fet_grade_10_12/caps_fet_afrikaans_geskiedenis_gr_10-12_web.pdf,73b5a4c0bc79dba0491009452821769dd0c5587b54a201592bb88adf4450b192
Guidelines to strengthen CAPS Implementation 2017: FET,fet_grade_10_12,other,Unknown,source_based_plus_extended_response,True,True,True,True,True,True,True,True,True,/home/byron/Downloads/KnowEdge_AutoRelease_Suite/corpora/caps/pdf/fet_grade_10_12/s1_2017_annexure_b_fet_grade_10_-_11_guidelines_to_strenghtening_caps_section_4.pdf,033d4713d4a6f6a34d14bdd1cf110ee3bbe5656c771d0a3009e9346065b2ceeb
Hospitality Studies,fet_grade_10_12,other,Unknown,practical_investigation,False,False,True,True,True,True,True,True,True,/home/byron/Downloads/KnowEdge_AutoRelease_Suite/corpora/caps/pdf/fet_grade_10_12/caps_fet_hospitality_studies_gr_10-12_web_2ea7.pdf,190fc1a22ff550a85901383ef12afa8e278dd7ba3e9a983e98be6737f8183fde
Information Technology,fet_grade_10_12,technology,Unknown,practical_project_design_task,True,False,True,True,True,True,True,True,True,/home/byron/Downloads/KnowEdge_AutoRelease_Suite/corpora/caps/pdf/fet_grade_10_12/caps_fet_information_technology_gr_10-12_web_e677.pdf,caf78e5ec2173fbc74044c936ae62d1b0bf3b979f122858e342fb1fc99510557
Ingenieursgrafika en ontwerp (Engineering Graphics and Design),fet_grade_10_12,language,Afrikaans,language_integrated_assessment,False,False,True,True,True,True,False,False,True,/home/byron/Downloads/KnowEdge_AutoRelease_Suite/corpora/caps/pdf/fet_grade_10_12/caps_fet_afrikaans_ingenieursgrafika_en_-ontwerp_gr_10-12_web.pdf,598bb3f523317c60a2c1d0793ab4ac78f93a6ae85cde01000a570ec5902270b9
Inligtings Tegnologie (Information Technology),fet_grade_10_12,language,Afrikaans,language_integrated_assessment,True,False,True,True,True,True,False,False,False,/home/byron/Downloads/KnowEdge_AutoRelease_Suite/corpora/caps/pdf/fet_grade_10_12/caps_fet_afrikaans_inligtingstegnologie_gr_10-12_web.pdf,cc55240494853d5a53b73aaff0c238cb4d1218ebaf816c9a579741c6e4d748a2
IsiNdebele,fet_grade_10_12,other,English,structured_test_or_task,False,False,False,False,False,False,False,False,True,/home/byron/Downloads/KnowEdge_AutoRelease_Suite/corpora/caps/pdf/fet_grade_10_12/caps_fet_home_isindebele_gr10-12_web_d8ed.pdf,0b62a03eb0a90d8abf988088c9c8a15ff4aa41b204c031c14a840cc2f55e83a7
IsiNdebele,fet_grade_10_12,other,English,structured_test_or_task,False,False,False,False,False,False,False,False,False,/home/byron/Downloads/KnowEdge_AutoRelease_Suite/corpora/caps/pdf/fet_grade_10_12/caps_fet_sal_isindebele_gr_10-12_web_1777.pdf,eb0d09cac02de2b5feade022851f6fa119c2125d836aae13496f3fe0e43e70b4
IsiNdebele,fet_grade_10_12,other,English,structured_test_or_task,False,False,False,False,False,False,False,False,False,/home/byron/Downloads/KnowEdge_AutoRelease_Suite/corpora/caps/pdf/fet_grade_10_12/caps_fet_fal_isindebele_gr_10-12_web_5a30.pdf,b75f9d7fb461e04ddaa7e970ecb8877435919b1527c4a7310112074d874c42e0
IsiXhosa,fet_grade_10_12,language,English,language_integrated_assessment,False,False,False,False,False,False,True,False,False,/home/byron/Downloads/KnowEdge_AutoRelease_Suite/corpora/caps/pdf/fet_grade_10_12/caps_fet_sal_isixhosa_gr_10-12_web_21b5.pdf,a373e6ffe5b79891c945eb7a69272ce6cc82f996bb0188bfe0c4e2d642b7147e
IsiXhosa,fet_grade_10_12,language,isiXhosa,language_integrated_assessment,False,False,False,False,False,False,True,False,False,/home/byron/Downloads/KnowEdge_AutoRelease_Suite/corpora/caps/pdf/fet_grade_10_12/caps_fet_fal_isixhosa_gr_10-12_web_503c.pdf,c91617e691a04b681d6d8a7ea615bc2839f283cdf6f9034de79a75f4fe7b9f3d
IsiXhosa,fet_grade_10_12,language,isiXhosa,language_integrated_assessment,False,False,False,False,False,False,True,False,False,/home/byron/Downloads/KnowEdge_AutoRelease_Suite/corpora/caps/pdf/fet_grade_10_12/caps_fet_home_isixhosa_gr_10-12_web_9e70.pdf,c730b49b2db35205f9580154591c40775a0dc43a75b429e3c921221e6da4f1ba
IsiZulu,fet_grade_10_12,language,English,language_integrated_assessment,False,False,False,False,False,False,True,False,False,/home/byron/Downloads/KnowEdge_AutoRelease_Suite/corpora/caps/pdf/fet_grade_10_12/caps_fet_home_isizulu_gr_10-12_web_5d5a.pdf,f3b85b576ad6165512cdb4de2f63d98be82dbfe7e9c60aa84b0c55012610e7b7
IsiZulu,fet_grade_10_12,language,English,language_integrated_assessment,False,False,False,False,False,False,True,False,False,/home/byron/Downloads/KnowEdge_AutoRelease_Suite/corpora/caps/pdf/fet_grade_10_12/caps_fet_fal_isizulu_gr_10-12_web_6cfe.pdf,f8beaf32df9e991933d71d25dbefa3265623a692e662fc5c4b6ad534238259b7
IsiZulu,fet_grade_10_12,language,English,language_integrated_assessment,False,False,False,False,False,False,True,False,False,/home/byron/Downloads/KnowEdge_AutoRelease_Suite/corpora/caps/pdf/fet_grade_10_12/caps_fet_sal_isizulu_gr_10-12_web_1f13.pdf,c3fc6cb02391a6db6e95153ea4f6f550c7ad55b00ce3e7ad2d0a833945b663a4
LandbouTegnologie (Agricultural Technology),fet_grade_10_12,technology,Unknown,practical_project_design_task,False,False,False,True,True,True,False,False,True,/home/byron/Downloads/KnowEdge_AutoRelease_Suite/corpora/caps/pdf/fet_grade_10_12/caps_fet_landboutegnologie_gr_10-12_web.pdf,dafd0607ab48de4223d920bc33bf71854729ba4bf0d84b88f819e82c0db8e6bf
Landboubestuurspraktyk (Agricultural Management Practices),fet_grade_10_12,language,Afrikaans,language_integrated_assessment,False,False,True,True,True,True,False,False,True,/home/byron/Downloads/KnowEdge_AutoRelease_Suite/corpora/caps/pdf/fet_grade_10_12/caps_fet_afrikaans_landboubestuurspraktyk_gr_10-12_web.pdf,89f49451e97bf9db94e3ff0d3b9be692afc95cc36a2d7a466778077f68f3d84d
Landbouwetenskappe (Agricultural Sciences),fet_grade_10_12,science,Afrikaans,data_diagram_practical_investigation,False,False,False,True,True,True,False,False,True,/home/byron/Downloads/KnowEdge_AutoRelease_Suite/corpora/caps/pdf/fet_grade_10_12/caps_fet_afrikaans_landbouwetenskappe_gr_10-12_web.pdf,6bf7073bdf21b77738d718466dabd88a566afc7f90887e347280ec9b680a959a
Lewensorientering (Life Orientation),fet_grade_10_12,language,Afrikaans,language_integrated_assessment,False,False,True,True,True,False,True,False,False,/home/byron/Downloads/KnowEdge_AutoRelease_Suite/corpora/caps/pdf/fet_grade_10_12/caps_fet_afrikaans_lewensorientering_gr_10-12_web.pdf,f8a5236d587db82fb24f4c31e01a400f084b03ca81c05998205ae0c9df4719cc
Lewenswetenskappe (Life Sciences),fet_grade_10_12,science,English,data_diagram_practical_investigation,False,False,False,True,True,True,False,False,True,/home/byron/Downloads/KnowEdge_AutoRelease_Suite/corpora/caps/pdf/fet_grade_10_12/caps_fet_life_sciences_web.pdf,c87cef14176247dbd958ea54649194d812857d75ffbc1344506bb927dcd3259b
Life Orientation,fet_grade_10_12,life_skills,Unknown,source_based_plus_extended_response,True,True,True,True,True,True,True,True,True,/home/byron/Downloads/KnowEdge_AutoRelease_Suite/corpora/caps/pdf/fet_grade_10_12/caps_fet_life_orientation_gr_10-12_web_e6b3.pdf,29478a3420addef1239e0836c69b9862ff903fabc01b581c1c65ca044eca69c3
Life Sciences,fet_grade_10_12,science,Unknown,data_diagram_practical_investigation,True,True,True,True,True,True,True,True,True,/home/byron/Downloads/KnowEdge_AutoRelease_Suite/corpora/caps/pdf/fet_grade_10_12/caps_fet_life_sciences_gr_10-12_web_2636.pdf,dfb42793e6a1bd6969e358eed3943042dee2e0de620efdfc23107d2ac431a455
Mandarin,fet_grade_10_12,other,Unknown,source_based_plus_extended_response,True,True,True,True,True,True,True,True,True,/home/byron/Downloads/KnowEdge_AutoRelease_Suite/corpora/caps/pdf/fet_grade_10_12/mandarin_second_additional_language_caps_grades_10-12.pdf,21e4b2898b1ed58b462de3e01bfc113871235bf18d93bc586d9a0c0a7dd7722d
Marine Sciences,fet_grade_10_12,other,Unknown,practical_investigation,True,False,True,True,True,True,True,True,True,/home/byron/Downloads/KnowEdge_AutoRelease_Suite/corpora/caps/pdf/fet_grade_10_12/marine_sciences_caps_final_march_3_2021.pdf,21debb46046ea33731646cf5fe8fe8eefc8c8da2c89a728ec4e589379df7500f
Maritime Economics,fet_grade_10_12,commerce,Unknown,case_study_structured_questions,True,True,True,True,True,True,True,True,True,/home/byron/Downloads/KnowEdge_AutoRelease_Suite/corpora/caps/pdf/fet_grade_10_12/maritime_economics.pdf,2feae7e52b13fa2da698c048e43867e192748332812e4d81aeefe56302d874c1
Mathematical Literacy,fet_grade_10_12,mathematics,English,calculation_problem_solving,False,False,True,True,True,True,False,False,False,/home/byron/Downloads/KnowEdge_AutoRelease_Suite/corpora/caps/pdf/fet_grade_10_12/caps_fet_afr_maths_literacy_gr_10-12_web.pdf,fa97690a2f3a430f5ff46ff7c6b4318454ef62f0c58f0c79a1c8b75516657fcd
Mathematical Literacy,fet_grade_10_12,mathematics,Unknown,calculation_problem_solving,False,False,True,True,True,True,True,True,True,/home/byron/Downloads/KnowEdge_AutoRelease_Suite/corpora/caps/pdf/fet_grade_10_12/caps_fet_mathematical_literacy_gr_10-12_web_dda9.pdf,5231eaf7f6bf3cb88a35c01170eac4d4bdf5287bd65fddec2fa3b31d3ab26a6c
Mathematics,fet_grade_10_12,mathematics,Unknown,calculation_problem_solving,True,False,True,True,True,True,True,True,True,/home/byron/Downloads/KnowEdge_AutoRelease_Suite/corpora/caps/pdf/fet_grade_10_12/caps_fet_mathematics_gr_10-12_web_1133.pdf,042257c73d2ffcc843393e0d6b60aeca6a5cb9f2e81d255fc4e4db2ce56d3ad5
Mechanical Technology,fet_grade_10_12,technology,Unknown,practical_project_design_task,False,False,True,True,True,True,True,True,True,/home/byron/Downloads/KnowEdge_AutoRelease_Suite/corpora/caps/pdf/fet_grade_10_12/caps_fet_mechanical_technology_gr_10-12_web_36e9.pdf,163cb518c3c924deb5a06c9929869c6298a12d4242b658e8841c362cc9d0b936
Meganiese Tegnologie( Mechanical Technology),fet_grade_10_12,language,Afrikaans,language_integrated_assessment,False,False,True,True,True,False,False,False,True,/home/byron/Downloads/KnowEdge_AutoRelease_Suite/corpora/caps/pdf/fet_grade_10_12/caps_fet_afrikaans_meganiese_tegnologie_gr_10-12_web.pdf,5b69a04d71c2b847f7a63f9393079c8c2ebd0bb255018d711469d9a5f16a42f8
Music,fet_grade_10_12,arts,Unknown,practical_performance_or_portfolio,False,False,False,True,True,True,True,True,True,/home/byron/Downloads/KnowEdge_AutoRelease_Suite/corpora/caps/pdf/fet_grade_10_12/caps_fet_music_gr_10-12_web_84b0.pdf,ae195b7131b5b446c70fc27cc2718f795d378d364f2236eed55764c8b00fc5a7
Musiek (Music),fet_grade_10_12,language,Afrikaans,language_integrated_assessment,False,False,False,False,True,True,True,False,True,/home/byron/Downloads/KnowEdge_AutoRelease_Suite/corpora/caps/pdf/fet_grade_10_12/caps_fet_afrikaans_musiek_gr_10-12_web.pdf,a622332d4bb6361827d2a60806f2ce03198c5c3f2c2d72367bdb4f153d4e0b46
Nautical Science,fet_grade_10_12,other,Unknown,source_based_plus_extended_response,True,True,True,True,True,True,True,True,True,/home/byron/Downloads/KnowEdge_AutoRelease_Suite/corpora/caps/pdf/fet_grade_10_12/nautical_science.pdf,7b078cfe9156a752218dcb0fd2e09558ce9343c263b8e0277251e2c3df26c3dc
Ontwerp (Design),fet_grade_10_12,language,Afrikaans,language_integrated_assessment,False,False,True,False,True,True,False,False,False,/home/byron/Downloads/KnowEdge_AutoRelease_Suite/corpora/caps/pdf/fet_grade_10_12/caps_fet_afrikaans_ontwerp_gr_10-12_web.pdf,95e48eeb12b6984a7d8d953a29e2e75018d529f2b404eb71f9fe15b13e349441
Perdestudie,fet_grade_10_12,other,Unknown,practical_investigation,False,False,False,False,True,True,False,False,True,/home/byron/Downloads/KnowEdge_AutoRelease_Suite/corpora/caps/pdf/fet_grade_10_12/perdestudie.pdf,ae3d19c49ee1fbf36943059e12067eb31979717ffec18ac834bf45b2af7407ea
Physical Sciences,fet_grade_10_12,science,Unknown,data_diagram_practical_investigation,True,True,False,True,True,True,True,True,True,/home/byron/Downloads/KnowEdge_AutoRelease_Suite/corpora/caps/pdf/fet_grade_10_12/caps_fet_physical_science_web.pdf,8b7b20f350a46fc077c4e9b2fcf4ecfd7b63e7f6cd56d7d6ea94de75dbcd209f
Rekenaartoepassing Tegnologie (Computer Application Technology),fet_grade_10_12,language,Afrikaans,language_integrated_assessment,False,False,True,True,True,True,False,False,False,/home/byron/Downloads/KnowEdge_AutoRelease_Suite/corpora/caps/pdf/fet_grade_10_12/caps_fet_afrikaans_rekenaartoepassingtegnologie_gr_10-12_web.pdf,8190e97712cb3e486109b2438e69af6332815cfda42e1b2fdd59f4a4287c3dbb
Rekeningkunde (Accounting),fet_grade_10_12,commerce,Afrikaans,case_study_structured_questions,False,False,True,False,False,True,False,False,True,/home/byron/Downloads/KnowEdge_AutoRelease_Suite/corpora/caps/pdf/fet_grade_10_12/caps_fet_afrikaans_rekeningkunde_2_gr_10-12_web.pdf,4bc83e21bfafef20014cb175cd3d35f234abc340306a507e2a9811003e1b8a6c
Religie Studies (Religion Studies),fet_grade_10_12,language,Afrikaans,language_integrated_assessment,False,False,False,False,False,False,True,False,True,/home/byron/Downloads/KnowEdge_AutoRelease_Suite/corpora/caps/pdf/fet_grade_10_12/caps_fet_afrikaans_religiestudies_gr_10-12_web.pdf,64312522e4d5e63c666c4943acfcc09e396a0ad986d336307b0b3931994c9769
Religion Studies,fet_grade_10_12,other,Unknown,source_based_plus_extended_response,True,True,False,True,True,True,True,True,True,/home/byron/Downloads/KnowEdge_AutoRelease_Suite/corpora/caps/pdf/fet_grade_10_12/caps_fet_religion_studies_gr_10-12_web_32d7.pdf,d25ba9e1b0efce21e16033dc52d3ab34693baebecebb56285e157b4a9c29ff2a
Sepedi,fet_grade_10_12,language,English,language_integrated_assessment,False,False,False,False,True,False,True,False,False,/home/byron/Downloads/KnowEdge_AutoRelease_Suite/corpora/caps/pdf/fet_grade_10_12/caps_fet_sal_sepedi_gr_10-12_web_a3c3.pdf,9a79e06a28c3b7c8355be75d4e5a68c7f541ede9e77d976916f3428255656bc8
Sepedi,fet_grade_10_12,language,English,language_integrated_assessment,False,False,False,False,True,False,True,False,False,/home/byron/Downloads/KnowEdge_AutoRelease_Suite/corpora/caps/pdf/fet_grade_10_12/caps_fet_fal_sepedi_gr_10-12_web_4737.pdf,6446a998f98064b19277103000cb219951301716564588bf408f4ec09120b5c0
Sepedi,fet_grade_10_12,language,English,language_integrated_assessment,False,False,False,False,True,False,True,False,False,/home/byron/Downloads/KnowEdge_AutoRelease_Suite/corpora/caps/pdf/fet_grade_10_12/caps_fet_home_sepedi_gr_10-12_web_9f5b.pdf,84e4da178496f48583735fa761415e8f2a5499dc27149ccf0b9c65db30ec46ff
Sesotho,fet_grade_10_12,language,Sesotho,language_integrated_assessment,False,False,False,False,True,False,True,False,False,/home/byron/Downloads/KnowEdge_AutoRelease_Suite/corpora/caps/pdf/fet_grade_10_12/caps_fet_home_sesotho_gr_10-12_web_3e83.pdf,62822ce7108abee3e17245bd914c141d57f04508f67e6043396e0e7847c206ae
Sesotho,fet_grade_10_12,language,Sesotho,language_integrated_assessment,False,False,False,False,True,False,True,False,False,/home/byron/Downloads/KnowEdge_AutoRelease_Suite/corpora/caps/pdf/fet_grade_10_12/caps_fet_fal_sesotho_gr_10-12_web_02a1.pdf,a90bb49bf29896d9f9c10287f744acd243bf179c77aebfda50acd17a42555dcf
Sesotho,fet_grade_10_12,language,Sesotho,language_integrated_assessment,False,False,False,False,True,False,True,False,False,/home/byron/Downloads/KnowEdge_AutoRelease_Suite/corpora/caps/pdf/fet_grade_10_12/caps_fet_sal_sesotho_gr_10-12_web_83b8.pdf,2e4d2897b8d77e1cf51a04e56d692787d1c97affd3a27bda9051802cb9409182
Setswana,fet_grade_10_12,language,Setswana,language_integrated_assessment,False,False,False,False,True,False,False,False,False,/home/byron/Downloads/KnowEdge_AutoRelease_Suite/corpora/caps/pdf/fet_grade_10_12/caps_fet_sal_setswana_gr_10-12_web_65ee.pdf,7a45d4e7d1f47d200b0ebe50bfe2bdbe42e50b4bbcdc22893b6caa649ed1b2ef
Setswana,fet_grade_10_12,language,Setswana,language_integrated_assessment,False,False,False,False,True,False,False,False,False,/home/byron/Downloads/KnowEdge_AutoRelease_Suite/corpora/caps/pdf/fet_grade_10_12/caps_fet_fal_setswana_gr_10-12_web_e693.pdf,0170ea6d20e52aef226cdf465c37501c3df4da3bce7c5beba9a26e4a2ad8b867
Setswana,fet_grade_10_12,language,Setswana,language_integrated_assessment,False,False,False,False,True,False,False,False,False,/home/byron/Downloads/KnowEdge_AutoRelease_Suite/corpora/caps/pdf/fet_grade_10_12/caps_fet_home_setswana_gr_10-12_web_28df.pdf,24d06cbd14edcbc77f2dedcec4d558fd78632deb47eb3de853cb3da98e5d9f2b
Siswati,fet_grade_10_12,language,English,language_integrated_assessment,False,False,False,False,False,False,False,False,False,/home/byron/Downloads/KnowEdge_AutoRelease_Suite/corpora/caps/pdf/fet_grade_10_12/caps_fet_sal_siswati_gr_10-12_web_e4cb.pdf,3fd241ac3cce02a0faf62c16912d488919dd4bc5352eca080d663d9a4845a9ff
Siswati,fet_grade_10_12,language,English,language_integrated_assessment,False,False,False,False,False,False,False,False,True,/home/byron/Downloads/KnowEdge_AutoRelease_Suite/corpora/caps/pdf/fet_grade_10_12/caps_fet_fal_siswati_gr_10-12_web_9726.pdf,4b17fc333a8fb82d8eba1dabbf0914ba4a7e1f22d21337a4cc5b1bfe9e0a181e
Siswati,fet_grade_10_12,language,English,language_integrated_assessment,False,False,False,False,False,False,False,False,False,/home/byron/Downloads/KnowEdge_AutoRelease_Suite/corpora/caps/pdf/fet_grade_10_12/caps_fet_home_siswati_gr_10-12_web_a682.pdf,bde64113ad3429009a9b6aa7826536a419068ffab2bcbd07821b6633cd02a984
Siviele Tegnologie (Civil Technology),fet_grade_10_12,language,Afrikaans,language_integrated_assessment,False,False,True,True,True,False,False,False,False,/home/byron/Downloads/KnowEdge_AutoRelease_Suite/corpora/caps/pdf/fet_grade_10_12/caps_fet_afrikaans_civil_technology_gr_10-12_web.pdf,d09dbad0faa5282f8f52035eb0e63ef7216f818729093fcd85e6ba0b338d421f
Sport and Exercise Science,fet_grade_10_12,other,Unknown,source_based_plus_extended_response,True,True,True,True,True,True,True,True,True,/home/byron/Downloads/KnowEdge_AutoRelease_Suite/corpora/caps/pdf/fet_grade_10_12/sport_and_exercise_science.pdf,a7ef6a321d708239b7dc568d122533dd22c4271cf454a33c048742c5e338b857
Technical Mathematics,fet_grade_10_12,mathematics,Unknown,calculation_problem_solving,False,False,False,True,True,True,True,True,True,/home/byron/Downloads/KnowEdge_AutoRelease_Suite/corpora/caps/pdf/fet_grade_10_12/caps_maths_tech_final_bleed_and_crops.pdf,89a9c9bc207ef6e929a0d203837ab11b7797bc4e2b412677bf679d82cd84e869
Technical Sciences,fet_grade_10_12,other,Unknown,practical_investigation,False,False,False,True,True,True,True,True,True,/home/byron/Downloads/KnowEdge_AutoRelease_Suite/corpora/caps/pdf/fet_grade_10_12/caps_science_tech_bleed_and_crops.pdf,197902d5122492b57d40995eba37e45d8dfe9db79dc0eaa1c859350355a7c010
Technical: Civil Technology,fet_grade_10_12,technology,Unknown,practical_project_design_task,False,False,True,True,True,True,True,True,True,/home/byron/Downloads/KnowEdge_AutoRelease_Suite/corpora/caps/pdf/fet_grade_10_12/caps_civil_tech_final_bleed_and_crops.pdf,d32a03fe99471b7330d241d2496b465dbcc2f5fb3f92c4b351b746f0b538004f
Technical: Electrical Technology,fet_grade_10_12,technology,Unknown,practical_project_design_task,True,False,False,True,True,True,True,True,True,/home/byron/Downloads/KnowEdge_AutoRelease_Suite/corpora/caps/pdf/fet_grade_10_12/caps_electrical_tech_final_bleed_and_crops.pdf,9ea0f234087adae42f2375871830d8081099d4735c8b330e3dda0d4440a47690
Technical: Mechanical Technology,fet_grade_10_12,technology,Unknown,practical_project_design_task,False,False,True,True,True,True,True,True,True,/home/byron/Downloads/KnowEdge_AutoRelease_Suite/corpora/caps/pdf/fet_grade_10_12/caps_mech_tech_final_bleed_and_crops.pdf,3bd88940d9c9f8484138c8b4f608b1fb0cd4f3e1ebe996ca0e2b09521af03665
Tegniese Wetenskappe,fet_grade_10_12,other,Unknown,practical_investigation,False,False,False,True,True,True,False,False,True,/home/byron/Downloads/KnowEdge_AutoRelease_Suite/corpora/caps/pdf/fet_grade_10_12/tegniese_wetenskappe.pdf,a99f7c091ddd726e5416d8cf4bd54a3b16561a457b59d9a88a338435cb9dcddc
Tegniese Wiskunde,fet_grade_10_12,mathematics,Afrikaans,calculation_problem_solving,False,False,False,True,False,True,False,True,False,/home/byron/Downloads/KnowEdge_AutoRelease_Suite/corpora/caps/pdf/fet_grade_10_12/tegniese_wiskunde.pdf,ac279deaca6b3cade032ce5d0b3df1e5b5ea53055cb5b1e80a1b0fd092e67967
Tegniese: Elektriese Tegnologie,fet_grade_10_12,other,Unknown,practical_investigation,False,False,False,True,True,True,False,False,True,/home/byron/Downloads/KnowEdge_AutoRelease_Suite/corpora/caps/pdf/fet_grade_10_12/tegniese_elektriese_draft_1.pdf,f53d29a2061e87ebd620e2f241985f7cb2bea6e132e1bb9c9b23b3779ce0d525
Tegniese: Meganiese Tegnologie,fet_grade_10_12,other,Unknown,practical_investigation,False,False,False,True,True,True,False,True,True,/home/byron/Downloads/KnowEdge_AutoRelease_Suite/corpora/caps/pdf/fet_grade_10_12/tegniese_meganiese_draft_1.pdf,1446ef51e9cd584c4c92ad9a6f91516f59dc2fa7d367403f4a6a2d0ad8b44e8e
Tegniese: Siviele Tegnologie,fet_grade_10_12,other,Unknown,practical_investigation,False,False,False,True,True,True,False,False,True,/home/byron/Downloads/KnowEdge_AutoRelease_Suite/corpora/caps/pdf/fet_grade_10_12/siviele_tegnologie_draft_2.pdf,584fa3ca511df64a4f56b7ed94c95d447826f01a3c4d73d0c0535fbbf85610e2
Toerisme (Tourism),fet_grade_10_12,commerce,Afrikaans,case_study_structured_questions,False,False,True,False,True,False,False,False,True,/home/byron/Downloads/KnowEdge_AutoRelease_Suite/corpora/caps/pdf/fet_grade_10_12/caps_fet_afrikaans_toerisme_web.pdf,6bc0315bcfdd3392c0469f62737f0f85627ca041f13285ccc43b3c545597706e
Tourism,fet_grade_10_12,commerce,Unknown,case_study_structured_questions,False,False,True,True,True,True,True,True,True,/home/byron/Downloads/KnowEdge_AutoRelease_Suite/corpora/caps/pdf/fet_grade_10_12/caps_fet_tourism_gr_10-12_web_1fac.pdf,720abdd74d855876f506d5189e63311ba6a9dcaa63bbd48eaba4400a52ae6d60
Tshivenda,fet_grade_10_12,language,English,language_integrated_assessment,False,False,False,False,False,False,False,False,False,/home/byron/Downloads/KnowEdge_AutoRelease_Suite/corpora/caps/pdf/fet_grade_10_12/caps_fet_sal_tshivenda_gr_10-12_web_25ab.pdf,147f0d08d870c3e85280347c40d17203a14e74cbf13c69cee32a525e3597c7fb
Tshivenda,fet_grade_10_12,language,Tshivenda,language_integrated_assessment,False,False,False,False,False,False,False,False,False,/home/byron/Downloads/KnowEdge_AutoRelease_Suite/corpora/caps/pdf/fet_grade_10_12/caps_fet_home_tshivenda_gr_10-12_web_8f73.pdf,fa81bfb63b897ea1de7c47e1986a34353859a93d62a17a1343bacc88237a559e
Tshivenda,fet_grade_10_12,language,English,language_integrated_assessment,False,True,False,False,False,False,False,False,False,/home/byron/Downloads/KnowEdge_AutoRelease_Suite/corpora/caps/pdf/fet_grade_10_12/caps_fet_fal_thsivenda_gr_10-12_web_bd00.pdf,8f0361950d49edb104afd470899b7dc4aa7a01b1706d3b9e1a130d7ed5c8006c
Verbruikerstudies (Consumer Studies),fet_grade_10_12,commerce,Unknown,case_study_structured_questions,False,False,True,False,True,True,False,False,True,/home/byron/Downloads/KnowEdge_AutoRelease_Suite/corpora/caps/pdf/fet_grade_10_12/caps_fet_consumer_studies_web.pdf,f7a8e7ef9adbe6700b1bcf1c49799a9884772de9ce8b32c90679b0df129d0a79
Visual Arts,fet_grade_10_12,arts,Unknown,practical_performance_or_portfolio,True,True,True,True,True,True,True,True,True,/home/byron/Downloads/KnowEdge_AutoRelease_Suite/corpora/caps/pdf/fet_grade_10_12/caps_fet_visual_arts_gr_10-12_web_a758.pdf,db20934536eebcb5d75ba5519c7c0adf09889ee4fa25994a91257a2862ce874d
Visuele Kunste (Visual Arts),fet_grade_10_12,language,Afrikaans,language_integrated_assessment,False,False,True,False,True,True,False,False,False,/home/byron/Downloads/KnowEdge_AutoRelease_Suite/corpora/caps/pdf/fet_grade_10_12/caps_fet_afrikaans_visuele_kunste_gr_10-12_web.pdf,7a6e65ab37aa8b801bbd4c4081c35502a53a532df06fa6c44035c9fcb07d184f
Wiskunde (Mathematics),fet_grade_10_12,mathematics,Afrikaans,calculation_problem_solving,False,False,False,True,True,True,False,False,False,/home/byron/Downloads/KnowEdge_AutoRelease_Suite/corpora/caps/pdf/fet_grade_10_12/caps_fet_afrikaans_wiskunde_gr_10-12_web.pdf,b4758d7d908a2aa435c8e399221bcce492af20da41b7bb9991d2a50afeba933b
Xitsonga,fet_grade_10_12,language,English,language_integrated_assessment,False,False,False,False,False,False,False,False,False,/home/byron/Downloads/KnowEdge_AutoRelease_Suite/corpora/caps/pdf/fet_grade_10_12/caps_fet_sal_xistonga_gr_10-12_web_373e.pdf,5123471b9b965ff16bdc835272c9edfadee241ca94945952aa764f9125c94289
Xitsonga,fet_grade_10_12,language,English,language_integrated_assessment,False,False,False,False,True,False,False,False,False,/home/byron/Downloads/KnowEdge_AutoRelease_Suite/corpora/caps/pdf/fet_grade_10_12/caps_fet_home_xitsonga_gr_10-12_web_890b.pdf,664fb036b31d0f3a70b830b7201a4132a80156c0e7a989b72677be0f1dd59d26
Xitsonga,fet_grade_10_12,language,English,language_integrated_assessment,False,False,False,False,False,False,False,False,False,/home/byron/Downloads/KnowEdge_AutoRelease_Suite/corpora/caps/pdf/fet_grade_10_12/caps_fet_xitsonga_fal_gr_10-12_web_1d49.pdf,af80a3722c2fef53c0517a6c3c8c21efa67e1e788688a0469a138aac569e4144
Afrikaans,foundation_grade_r_3,language,Afrikaans,language_integrated_assessment,False,False,False,True,True,True,False,False,False,/home/byron/Downloads/KnowEdge_AutoRelease_Suite/corpora/caps/pdf/foundation_grade_r_3/caps_maths_afrikaans_gr_r_fs.pdf,b816f65bacd925753444cd1e92926534a2ed0d5b4477bf3e7629c020ab53e477
Afrikaans,foundation_grade_r_3,language,Afrikaans,language_integrated_assessment,False,False,False,False,True,True,False,False,True,/home/byron/Downloads/KnowEdge_AutoRelease_Suite/corpora/caps/pdf/foundation_grade_r_3/caps_life_skills_afrikaans_grade_r-3_fs.pdf,21dd8e3014aad7f615341ba4867e5e6e8544d5bd517c46472988dafba8b8d07a
Afrikaans,foundation_grade_r_3,language,Afrikaans,language_integrated_assessment,False,False,False,True,True,True,False,False,False,/home/byron/Downloads/KnowEdge_AutoRelease_Suite/corpora/caps/pdf/foundation_grade_r_3/caps_maths_afrikaans_gr_1-3_fs.pdf,8b154d01e28e9cc2969fe695c7f4c350ed6eedaa8d5128a030bedaade28610af
Afrikaans,foundation_grade_r_3,language,Afrikaans,language_integrated_assessment,False,False,False,False,True,False,False,False,False,/home/byron/Downloads/KnowEdge_AutoRelease_Suite/corpora/caps/pdf/foundation_grade_r_3/caps_sal_akrikaans_fp.pdf,9a9c1c47b80e5afc699e4914d1cd017585df32378d5637df854f60a323b98642
Afrikaans,foundation_grade_r_3,language,Afrikaans,language_integrated_assessment,False,False,False,True,False,False,False,False,False,/home/byron/Downloads/KnowEdge_AutoRelease_Suite/corpora/caps/pdf/foundation_grade_r_3/caps_afrikaans_fal_gr_1-3_fs.pdf,3c88a6c42889b053ec0e501ca5de4f6c69e15d4ea27aac7b12979ff3831a6433
Afrikaans,foundation_grade_r_3,language,Afrikaans,language_integrated_assessment,False,False,False,True,True,True,False,False,False,/home/byron/Downloads/KnowEdge_AutoRelease_Suite/corpora/caps/pdf/foundation_grade_r_3/caps_afrikaans_home_language_gr_r-3_fs.pdf,30bc26c2855424ca37181c1aa0282d85b761076961e713fb2e257f84db7e5e72
English,foundation_grade_r_3,language,English,language_integrated_assessment,True,False,False,True,True,False,True,True,True,/home/byron/Downloads/KnowEdge_AutoRelease_Suite/corpora/caps/pdf/foundation_grade_r_3/caps_maths_english_gr_r_fs.pdf,946fb1ac29386a3bf6db7a77437ab3d7126ed67961780c24fe6f4b34733d20aa
English,foundation_grade_r_3,language,English,language_integrated_assessment,True,False,False,True,True,False,True,True,True,/home/byron/Downloads/KnowEdge_AutoRelease_Suite/corpora/caps/pdf/foundation_grade_r_3/caps_english_fal_gr_1-3_fs.pdf,db09b7292552ef6b374a76ff473eb719eee367f3bb3c8eb788f21bae2ad1ad5e
English,foundation_grade_r_3,language,English,language_integrated_assessment,True,False,False,True,True,False,True,True,True,/home/byron/Downloads/KnowEdge_AutoRelease_Suite/corpora/caps/pdf/foundation_grade_r_3/caps_english_hl_grades_r-3_fs.pdf,c939a3a9dcce92ed61d970f4599ced6f2ddc425d1220eeeab9828472b878d24d
English,foundation_grade_r_3,language,English,language_integrated_assessment,False,False,False,True,True,False,True,True,True,/home/byron/Downloads/KnowEdge_AutoRelease_Suite/corpora/caps/pdf/foundation_grade_r_3/caps_sal_english_fp.pdf,e887bbcca5cf87acb131730dea84d9eee032e9a46221ea179188422336c04c61
English,foundation_grade_r_3,language,English,language_integrated_assessment,False,False,False,True,True,False,True,True,True,/home/byron/Downloads/KnowEdge_AutoRelease_Suite/corpora/caps/pdf/foundation_grade_r_3/caps_maths_english_gr_1-3_fs.pdf,e3b5bc415912b6f0eb13ca8d18a57d7c951d23b399e20f38315fc13f2feed011
English,foundation_grade_r_3,language,English,language_integrated_assessment,False,False,True,True,True,False,True,True,True,/home/byron/Downloads/KnowEdge_AutoRelease_Suite/corpora/caps/pdf/foundation_grade_r_3/fp_coding_and_robotics_caps_final_2025.pdf,570e1d87f30d06646940851ebfd2aa58639a3fe91e576a62853f1bbc084f08fe
English,foundation_grade_r_3,language,English,language_integrated_assessment,True,False,False,True,True,False,True,False,True,/home/byron/Downloads/KnowEdge_AutoRelease_Suite/corpora/caps/pdf/foundation_grade_r_3/caps_life_skills_english_gr_r-3_fs.pdf,4d4df1e5c4eb7db4157cd80f2a3b0cdb0a22b155474e432a3578c9a798845c1d
Foundation Phase (Grade R-3),foundation_grade_r_3,other,Unknown,foundation_activity_assessment,True,False,False,True,True,False,True,False,True,/home/byron/Downloads/KnowEdge_AutoRelease_Suite/corpora/caps/pdf/foundation_grade_r_3/caps_sasignlanguage_hl_fp_gr_r-3.pdf,ffa274439770f4704341aa38fb1da852b75415e35dbbde23e6956345dcc8dc08
IsiNdebele,foundation_grade_r_3,other,English,foundation_activity_assessment,False,False,False,False,False,False,False,False,False,/home/byron/Downloads/KnowEdge_AutoRelease_Suite/corpora/caps/pdf/foundation_grade_r_3/caps_maths_isindebele_gr_1-3_fs.pdf,c5ae846dcbf1f7487d113bb5974eb183c64420ed893c38bc60a505ad0cc8906a
IsiNdebele,foundation_grade_r_3,other,English,foundation_activity_assessment,False,False,False,False,False,False,False,False,False,/home/byron/Downloads/KnowEdge_AutoRelease_Suite/corpora/caps/pdf/foundation_grade_r_3/caps_maths_isindebele_gr_r_fs.pdf,b384613dfb0a83f531f16ab380840b817c3cc042c98557375cc27696f3f65701
IsiNdebele,foundation_grade_r_3,life_skills,isiNdebele,foundation_activity_assessment,False,False,False,False,False,False,False,False,False,/home/byron/Downloads/KnowEdge_AutoRelease_Suite/corpora/caps/pdf/foundation_grade_r_3/caps_life_skills_isindebele_gr_r-3_fs.pdf,630095d0bbd545b539e62653edb854393285432cb81fe060ad475b1695572034
IsiNdebele,foundation_grade_r_3,other,isiNdebele,foundation_activity_assessment,False,False,False,False,False,False,False,False,False,/home/byron/Downloads/KnowEdge_AutoRelease_Suite/corpora/caps/pdf/foundation_grade_r_3/caps_isindebele_fal_gr_1-3_fs.pdf,498c228216c425171129b2ea762509823f199f0cb1c1823f3e31d05eb8e7ce27
IsiNdebele,foundation_grade_r_3,other,isiNdebele,foundation_activity_assessment,False,False,False,False,False,False,False,False,False,/home/byron/Downloads/KnowEdge_AutoRelease_Suite/corpora/caps/pdf/foundation_grade_r_3/caps_sal_isindebele_fp.pdf,7c1b3c9a31c1693eabe156b65dcccbb2345339b49f98003c8737856fb4883c74
IsiNdebele,foundation_grade_r_3,other,isiNdebele,foundation_activity_assessment,False,False,False,False,False,False,False,False,False,/home/byron/Downloads/KnowEdge_AutoRelease_Suite/corpora/caps/pdf/foundation_grade_r_3/caps_isindebele_hl_grades_r-3_fs.pdf,9b24698fe32963c4730f9bc059e3c42e71f8bde49c5072db4dd29ddc58da19cb
IsiXhosa,foundation_grade_r_3,language,English,language_integrated_assessment,False,False,False,True,True,False,False,False,False,/home/byron/Downloads/KnowEdge_AutoRelease_Suite/corpora/caps/pdf/foundation_grade_r_3/caps_maths_isixhosa_gr_1-3_fs.pdf,49d2a37212b8924a12838946043d4e7d3add3df0e2d067a2b52b2eb559123134
IsiXhosa,foundation_grade_r_3,language,isiXhosa,language_integrated_assessment,False,False,False,False,True,False,True,False,False,/home/byron/Downloads/KnowEdge_AutoRelease_Suite/corpora/caps/pdf/foundation_grade_r_3/caps_isixhosa_hl_grades_r-3_fs.pdf,46414f4293fdadb574d7fcc42baa45bac48baf99bf168bce89c7e42a0733219c
IsiXhosa,foundation_grade_r_3,language,isiXhosa,language_integrated_assessment,False,False,False,False,True,False,False,False,False,/home/byron/Downloads/KnowEdge_AutoRelease_Suite/corpora/caps/pdf/foundation_grade_r_3/caps_life_skills_isixhosa_gr_r-3_fs.pdf,d6cf80e75f40ab55cae9c319234221854c804f7de825bf2990702d462d588861
IsiXhosa,foundation_grade_r_3,language,isiXhosa,language_integrated_assessment,False,False,False,False,False,False,True,True,False,/home/byron/Downloads/KnowEdge_AutoRelease_Suite/corpora/caps/pdf/foundation_grade_r_3/caps_sal_isixhosa_fp.pdf,a50285ef918f0a75d83eb778017c2e757b819924e5125d3ce96ff09cc721a2ca
IsiXhosa,foundation_grade_r_3,language,English,language_integrated_assessment,False,False,False,True,True,False,False,False,False,/home/byron/Downloads/KnowEdge_AutoRelease_Suite/corpora/caps/pdf/foundation_grade_r_3/caps_maths_isixhosa_gr_r_fs.pdf,ddf7dbf981f8b554ea802428c4788ae27e7657be2573f76fa52d90e1aecfc422
IsiXhosa,foundation_grade_r_3,language,isiXhosa,language_integrated_assessment,False,False,False,False,False,False,True,False,False,/home/byron/Downloads/KnowEdge_AutoRelease_Suite/corpora/caps/pdf/foundation_grade_r_3/caps_isixhosa_fal_gr_1-3_fs.pdf,ca79d7166ada9bd366e5d6ff891bf285f1a9fe37e8b6faf1284e1c3dce9010b1
IsiZulu,foundation_grade_r_3,language,English,language_integrated_assessment,False,False,False,False,False,False,False,False,False,/home/byron/Downloads/KnowEdge_AutoRelease_Suite/corpora/caps/pdf/foundation_grade_r_3/caps_maths_isizulu_gr_r_fs.pdf,0c7ce6ee2e9875325cf42acdc1c6b2ed3683be9c7fafaf55310abd91336262f1
IsiZulu,foundation_grade_r_3,language,isiZulu,language_integrated_assessment,False,False,False,False,False,False,False,False,False,/home/byron/Downloads/KnowEdge_AutoRelease_Suite/corpora/caps/pdf/foundation_grade_r_3/caps_isizulu_hl_grades_r-3_fs.pdf,c7c2571732ef3cdf0c30a7e5290e0039a5bc821105305af7f1a4ab86fb8735cf
IsiZulu,foundation_grade_r_3,language,English,language_integrated_assessment,False,False,False,False,False,False,False,False,False,/home/byron/Downloads/KnowEdge_AutoRelease_Suite/corpora/caps/pdf/foundation_grade_r_3/caps_maths_isizulu_gr_1-3_fs.pdf,b797ff7298473836f1145751d793b2c03fb0303ae4578df832c01bd0265d4324
IsiZulu,foundation_grade_r_3,language,isiZulu,language_integrated_assessment,False,False,False,False,False,False,False,False,False,/home/byron/Downloads/KnowEdge_AutoRelease_Suite/corpora/caps/pdf/foundation_grade_r_3/caps_life_skills_isizulu_gr_r-3_fs.pdf,bf0a57d688d52bbdca5375a9f11c66209c9ee56c2891f40319b3859e46622451
IsiZulu,foundation_grade_r_3,language,isiZulu,language_integrated_assessment,False,False,False,False,False,False,True,False,False,/home/byron/Downloads/KnowEdge_AutoRelease_Suite/corpora/caps/pdf/foundation_grade_r_3/caps_isizulu_fal_gr_1-3_fs.pdf,3225544038ea7345eb8e16c2335095698c134404b298a456b310d35810f03ee8
IsiZulu,foundation_grade_r_3,language,isiZulu,language_integrated_assessment,False,False,False,False,False,False,True,False,False,/home/byron/Downloads/KnowEdge_AutoRelease_Suite/corpora/caps/pdf/foundation_grade_r_3/caps_sal_isizulu_fp.pdf,3adac3045b7be67841241dde97ed99c464fdcdd9f4b6419a1864604a3b32f5b2
Sepedi,foundation_grade_r_3,language,English,language_integrated_assessment,False,False,False,False,True,False,True,False,False,/home/byron/Downloads/KnowEdge_AutoRelease_Suite/corpora/caps/pdf/foundation_grade_r_3/caps_maths_sepedi_grade_1-_3_fs.pdf,0661918459c9245acd5e6445f75c1a658546fe638bb1694b3c43a118a076428c
Sepedi,foundation_grade_r_3,language,Sepedi,language_integrated_assessment,False,False,False,False,True,False,True,False,False,/home/byron/Downloads/KnowEdge_AutoRelease_Suite/corpora/caps/pdf/foundation_grade_r_3/caps_life_skills_sepedi_gr_r-3_fs.pdf,384c71b4776a3d8c414fd114a870467d160f3d8cb5562c018ae5774155b83b44
Sepedi,foundation_grade_r_3,language,Sepedi,language_integrated_assessment,False,False,False,False,True,False,True,False,False,/home/byron/Downloads/KnowEdge_AutoRelease_Suite/corpora/caps/pdf/foundation_grade_r_3/caps_sal_sepedi_fp.pdf,c328dfe8878f99f6e9bad97cde5a22a4e5ac6db7ad0187f14651a8d7ad40a5f3
Sepedi,foundation_grade_r_3,language,English,language_integrated_assessment,False,False,False,False,True,False,True,False,False,/home/byron/Downloads/KnowEdge_AutoRelease_Suite/corpora/caps/pdf/foundation_grade_r_3/caps_maths_sepedi_gr_r_fs.pdf,718bf84d1939e80070eaeb0e260917e75f57fc5d1ad38508548713beefe39d5b
Sepedi,foundation_grade_r_3,language,Sepedi,language_integrated_assessment,False,False,False,False,True,False,True,False,False,/home/byron/Downloads/KnowEdge_AutoRelease_Suite/corpora/caps/pdf/foundation_grade_r_3/caps_sepedi_fal_gr_1-3_fs.pdf,0ed523790e54016c2665cfd2999288a15f412b3dee4b41f8ed855d59ee9c3825
Sepedi,foundation_grade_r_3,language,English,language_integrated_assessment,False,False,False,False,True,False,False,False,False,/home/byron/Downloads/KnowEdge_AutoRelease_Suite/corpora/caps/pdf/foundation_grade_r_3/caps_sepedi_hl_gr_r-3_fs.pdf,a7c5671a2676da6ce19242ed3ce51142cc447786bc21c5ef9a369e34418420a9
Sesotho,foundation_grade_r_3,language,English,language_integrated_assessment,False,False,False,False,True,False,False,False,False,/home/byron/Downloads/KnowEdge_AutoRelease_Suite/corpora/caps/pdf/foundation_grade_r_3/caps_maths_sesotho_gr_1-3_fs.pdf,886b97b896b7c77146ac1728adbe933db5d4b304215d1b7543a44842613e84c9
Sesotho,foundation_grade_r_3,language,Sesotho,language_integrated_assessment,False,False,False,False,True,False,True,False,False,/home/byron/Downloads/KnowEdge_AutoRelease_Suite/corpora/caps/pdf/foundation_grade_r_3/caps_life_skills_sesotho_gr_r-3_fs.pdf,2538278c735f6aa2cd7fa55795c4b808de15a21549b1c8f252c7e9af415aa207
Sesotho,foundation_grade_r_3,language,Sesotho,language_integrated_assessment,False,False,False,False,True,False,True,False,False,/home/byron/Downloads/KnowEdge_AutoRelease_Suite/corpora/caps/pdf/foundation_grade_r_3/caps_sal_sesotho_fp.pdf,a0840deb3b70fe2855a1c1df9a279e4a6f4f422aa0aa55c219efb219106a435a
Sesotho,foundation_grade_r_3,language,Sesotho,language_integrated_assessment,False,False,False,False,True,False,False,False,False,/home/byron/Downloads/KnowEdge_AutoRelease_Suite/corpora/caps/pdf/foundation_grade_r_3/caps_sesotho_fal_gr_1-3_fs.pdf,bfcbfe95ecad3ff4f3ad9616a1f4b16787265a992c670e7b9c5dbfb79ddc422a
Sesotho,foundation_grade_r_3,language,Sesotho,language_integrated_assessment,False,False,False,False,True,False,True,False,False,/home/byron/Downloads/KnowEdge_AutoRelease_Suite/corpora/caps/pdf/foundation_grade_r_3/caps_sesotho_hl_grades_r-3_fs.pdf,e7048df87aa395cee44c0098b456bb583a1673177b605c83354df21d3e4cbf3c
Setswana,foundation_grade_r_3,language,Setswana,language_integrated_assessment,False,False,False,False,True,False,False,False,False,/home/byron/Downloads/KnowEdge_AutoRelease_Suite/corpora/caps/pdf/foundation_grade_r_3/caps_sal_setswana_fp.pdf,3aa16abe990e4b1b2e9557ce9e602b9f7363dd0a78613d1ccfb52507ae64f5ae
Setswana,foundation_grade_r_3,language,Setswana,language_integrated_assessment,False,False,False,False,True,False,False,False,False,/home/byron/Downloads/KnowEdge_AutoRelease_Suite/corpora/caps/pdf/foundation_grade_r_3/caps_life_skills_setswana_gr_r-3_fs.pdf,f4749a896b9dfdbc81a61be4da68dd47bc0fa7c21fcc3473cbe368d56f9e744f
Setswana,foundation_grade_r_3,language,English,language_integrated_assessment,False,False,False,False,True,False,False,False,False,/home/byron/Downloads/KnowEdge_AutoRelease_Suite/corpora/caps/pdf/foundation_grade_r_3/caps_maths_setswana_gr_r_fs.pdf,4ef9bb4a569c2fa181eb75fef922e0164764802c9ba6e1d286e988ca9ac05d97
Setswana,foundation_grade_r_3,language,Setswana,language_integrated_assessment,False,False,False,False,True,False,False,False,False,/home/byron/Downloads/KnowEdge_AutoRelease_Suite/corpora/caps/pdf/foundation_grade_r_3/caps_setswana_fal_gr_r-3_fs.pdf,204a8f290fdfb4ca12468a7bdd1074929382564491bef7a2e4083a5c36fc3472
Setswana,foundation_grade_r_3,language,Setswana,language_integrated_assessment,False,False,False,False,True,False,False,False,False,/home/byron/Downloads/KnowEdge_AutoRelease_Suite/corpora/caps/pdf/foundation_grade_r_3/caps_setswana_hl_grades_r-3_fs.pdf,c40561bb4ab03224e8a2103506f78b63cf1be59dfe6d2d1db5d12b0e7aeb5a4d
Setswana,foundation_grade_r_3,language,English,language_integrated_assessment,False,False,False,False,True,False,False,False,False,/home/byron/Downloads/KnowEdge_AutoRelease_Suite/corpora/caps/pdf/foundation_grade_r_3/caps_maths_setswana_gr_1-3_fs.pdf,995fe554a6745cb394dade2c471365b532378de08e988820663dad6d9305f581
Siswati,foundation_grade_r_3,language,Siswati,language_integrated_assessment,False,False,False,False,False,False,False,False,False,/home/byron/Downloads/KnowEdge_AutoRelease_Suite/corpora/caps/pdf/foundation_grade_r_3/caps_siswati_fal_gr_1-3_fs.pdf,f724e5284fe1d3cc2307d80b7396d4cc57627b42830e2403f36a5d56a32407cf
Siswati,foundation_grade_r_3,language,Siswati,language_integrated_assessment,False,False,False,False,False,False,False,False,False,/home/byron/Downloads/KnowEdge_AutoRelease_Suite/corpora/caps/pdf/foundation_grade_r_3/caps_life_skills_siswati_gr_r-3_fs.pdf,40205917a85cba3531e5582358c92ac5e7c211319ae9d3e2f108133a07ead943
Siswati,foundation_grade_r_3,language,Siswati,language_integrated_assessment,False,False,False,False,False,False,False,False,False,/home/byron/Downloads/KnowEdge_AutoRelease_Suite/corpora/caps/pdf/foundation_grade_r_3/caps_sal_siswati_fp.pdf,001b42e837452f19711ed2d19218be8c6dc093c64e584e9d49c52cdad81a32b0
Siswati,foundation_grade_r_3,language,English,language_integrated_assessment,False,False,False,False,False,False,False,False,False,/home/byron/Downloads/KnowEdge_AutoRelease_Suite/corpora/caps/pdf/foundation_grade_r_3/caps_maths_siswati_gr_1-3_fs.pdf,d2f6c55c0fbdbf73fef043198f5ce1aced8b8acb8ea730c1b788c27b71181b9a
Siswati,foundation_grade_r_3,language,English,language_integrated_assessment,False,False,False,False,False,False,False,False,False,/home/byron/Downloads/KnowEdge_AutoRelease_Suite/corpora/caps/pdf/foundation_grade_r_3/caps_maths_siswati_gr_r_fs.pdf,53f371b85c31b3ce5f03dda165a60413854848c84262702667a9694b53d20dfc
Siswati,foundation_grade_r_3,language,Siswati,language_integrated_assessment,False,False,False,False,False,False,False,False,False,/home/byron/Downloads/KnowEdge_AutoRelease_Suite/corpora/caps/pdf/foundation_grade_r_3/caps_siswati_hl_mgrades_r-3_fs.pdf,e279e2e1c819844923c506702170c131670e094edd1715e06cfe2b43789cc4e0
Tshivenda,foundation_grade_r_3,language,English,language_integrated_assessment,False,False,False,False,False,False,True,False,False,/home/byron/Downloads/KnowEdge_AutoRelease_Suite/corpora/caps/pdf/foundation_grade_r_3/caps_maths_tshivenda_gr_r_fs.pdf,aa89353b0631dd2a2e7486dbf285037aae4b2c2dd553b09631f81e5e6d1af253
Tshivenda,foundation_grade_r_3,language,Tshivenda,language_integrated_assessment,False,False,False,False,False,False,False,False,False,/home/byron/Downloads/KnowEdge_AutoRelease_Suite/corpora/caps/pdf/foundation_grade_r_3/caps_life_skills_tshivenda_gr_r-3_fs.pdf,4a2fce05f24efd40d54cf21719dc18d66979ca933d2bc60009a3c72ac8b4bd2c
Tshivenda,foundation_grade_r_3,language,Tshivenda,language_integrated_assessment,False,False,False,True,True,False,True,False,False,/home/byron/Downloads/KnowEdge_AutoRelease_Suite/corpora/caps/pdf/foundation_grade_r_3/caps_tshivenda_hl_grades_r-3_fs.pdf,8f8d47ece284c88ce7f81f3bb879f4c834ffef6c747230905494c20371d326c9
Tshivenda,foundation_grade_r_3,language,English,language_integrated_assessment,False,False,False,False,False,False,True,False,False,/home/byron/Downloads/KnowEdge_AutoRelease_Suite/corpora/caps/pdf/foundation_grade_r_3/caps_maths_tshivenda_gr_1-3_fs.pdf,7a0bc8eb5bc522a1741eccb79ab184afa2fcce8b6d1244d485692619dd046ab7
Tshivenda,foundation_grade_r_3,language,Tshivenda,language_integrated_assessment,False,False,False,True,False,False,True,False,False,/home/byron/Downloads/KnowEdge_AutoRelease_Suite/corpora/caps/pdf/foundation_grade_r_3/caps_sal_venda_fp.pdf,827222f3c51b31065e652bc27bdc2a5c9778e74130be5d9b79a61339d73898da
Xitsonga,foundation_grade_r_3,language,Xitsonga,language_integrated_assessment,False,False,False,False,True,False,False,False,False,/home/byron/Downloads/KnowEdge_AutoRelease_Suite/corpora/caps/pdf/foundation_grade_r_3/caps_life_skills_xitsonga_gr_r-3_fs.pdf,657b5203ec3c1480551956ca6f11ec3f3ec5ed28c244dc0eef14b84f92d89ae3
Xitsonga,foundation_grade_r_3,language,English,language_integrated_assessment,False,False,False,False,True,False,True,False,False,/home/byron/Downloads/KnowEdge_AutoRelease_Suite/corpora/caps/pdf/foundation_grade_r_3/caps_maths_xitsonga_gr_r_fs.pdf,bca011fd71a596bfd0e448b6966f464e442601ff8bb8d8f80ae09d3282af8e8c
Xitsonga,foundation_grade_r_3,language,Xitsonga,language_integrated_assessment,False,False,False,False,True,False,False,False,False,/home/byron/Downloads/KnowEdge_AutoRelease_Suite/corpora/caps/pdf/foundation_grade_r_3/caps_sal_xitsonga_fp.pdf,0177ae99f219ef0b1b95bbd9c97e6d1a61ac4c5eefeb5f9edce5599011fd52e8
Xitsonga,foundation_grade_r_3,language,Xitsonga,language_integrated_assessment,False,False,False,False,False,False,False,False,False,/home/byron/Downloads/KnowEdge_AutoRelease_Suite/corpora/caps/pdf/foundation_grade_r_3/caps_xitsonga_fal_gr_1-3_fs.pdf,a0816e15349be5772d09962dbd5e4fa4e7038cbbdce45c1b62ed27cccaa10823
Xitsonga,foundation_grade_r_3,language,Xitsonga,language_integrated_assessment,False,False,False,False,True,False,False,False,False,/home/byron/Downloads/KnowEdge_AutoRelease_Suite/corpora/caps/pdf/foundation_grade_r_3/caps_xitsonga_hl_grades_r-3_fs.pdf,92dc6b6a3b08740a7d09dc579bec8d1780523580f6d72870875e08099b12e7e1
Xitsonga,foundation_grade_r_3,language,English,language_integrated_assessment,False,False,False,False,True,False,True,False,False,/home/byron/Downloads/KnowEdge_AutoRelease_Suite/corpora/caps/pdf/foundation_grade_r_3/caps_maths_xitsonga_gr_1-3_fs.pdf,fd14194564ae91d7892668355d01b29d244ce64398e151e5045a08f96cf7dd76
Afrikaans,intermediate_grade_4_6,language,Afrikaans,language_integrated_assessment,False,False,False,True,True,True,False,False,False,/home/byron/Downloads/KnowEdge_AutoRelease_Suite/corpora/caps/pdf/intermediate_grade_4_6/caps_ip_fal_afrikaans_gr_4-6_web.pdf,b4f9ebf244692d05c60f37ea14cd1aba5815464768d2a901f077d4f7e233566c
Afrikaans,intermediate_grade_4_6,language,Afrikaans,language_integrated_assessment,False,False,False,True,True,True,False,False,False,/home/byron/Downloads/KnowEdge_AutoRelease_Suite/corpora/caps/pdf/intermediate_grade_4_6/caps_ip_home_afrikaans_gr_4-6_web.pdf,7341083f52d6bfa0c8f40ed3e6c80a34046295238e316ad1ef3edaab6ec2e8df
Afrikaans,intermediate_grade_4_6,language,Afrikaans,language_integrated_assessment,False,False,False,True,False,True,False,False,False,/home/byron/Downloads/KnowEdge_AutoRelease_Suite/corpora/caps/pdf/intermediate_grade_4_6/caps_ip_sal_afrikaans_gr_4-6_web.pdf,994b97888f999f3cf8ac1f1b282c12626815db216a033958a87b9a687246bb39
English,intermediate_grade_4_6,language,English,language_integrated_assessment,True,True,False,True,True,False,True,True,True,/home/byron/Downloads/KnowEdge_AutoRelease_Suite/corpora/caps/pdf/intermediate_grade_4_6/caps_ip_sal_english_gr_4-6_web.pdf,552d904fc74ee48aee66ad98c914a4cd2d1ddd5239f620d6767f68e55827fdb1
English,intermediate_grade_4_6,language,English,language_integrated_assessment,True,True,True,True,True,True,True,True,True,/home/byron/Downloads/KnowEdge_AutoRelease_Suite/corpora/caps/pdf/intermediate_grade_4_6/caps_ip_fal_english_gr_4-6_web.pdf,1172026a8713e415fe6e1d0bde3406857cdda19d54d5df2b06699eec9ba0a651
English,intermediate_grade_4_6,language,English,language_integrated_assessment,False,False,True,True,True,True,True,True,True,/home/byron/Downloads/KnowEdge_AutoRelease_Suite/corpora/caps/pdf/intermediate_grade_4_6/ip_coding_and_robotics_caps_fin_oct_2025.pdf,0d87e20bcc5d3ea8f09db31a07c9b6d6bf5de2f837455c4f048aa2362ff272d8
English,intermediate_grade_4_6,language,English,language_integrated_assessment,True,True,True,True,True,True,True,True,True,/home/byron/Downloads/KnowEdge_AutoRelease_Suite/corpora/caps/pdf/intermediate_grade_4_6/caps_ip_home_english_gr_4-6_web.pdf,b3c330f27b30be425c8dd9027e1496e162be71d8a062c124c719af80220fa039
French,intermediate_grade_4_6,other,Unknown,source_based_plus_extended_response,True,True,False,True,True,False,True,True,True,/home/byron/Downloads/KnowEdge_AutoRelease_Suite/corpora/caps/pdf/intermediate_grade_4_6/french_caps_second_additional_language_grades_4-6_final_12_01_2017.pdf,53e6e9e8e6c352bb290894e8eeb558310654d865d19621f9e155657267e577b6
German,intermediate_grade_4_6,other,Unknown,source_based_plus_extended_response,True,True,False,True,True,False,True,False,True,/home/byron/Downloads/KnowEdge_AutoRelease_Suite/corpora/caps/pdf/intermediate_grade_4_6/caps_german_sal_ip_final.pdf,0a0779d9c34bba24576acb5ae19c61884b690f2d41af2eea056a441d6aefc803
Intermediate Phase (Grade 4-6),intermediate_grade_4_6,other,Unknown,source_based_plus_extended_response,True,True,False,True,True,True,True,True,True,/home/byron/Downloads/KnowEdge_AutoRelease_Suite/corpora/caps/pdf/intermediate_grade_4_6/caps_sasignlanguage_hl_ip_gr_4-6.pdf,3b0ddb139859817233236787393e9fe54d278e6eb2c679e18f5c9e945e6cd46d
IsiNdebele,intermediate_grade_4_6,other,English,structured_test_or_task,False,False,False,False,False,False,False,False,False,/home/byron/Downloads/KnowEdge_AutoRelease_Suite/corpora/caps/pdf/intermediate_grade_4_6/caps_ip_home_isindebele_gr_10-12_web.pdf,bc6973f9aa6172f462781cc1863a1046ab19b10212c955404d598549c5ffab0b
IsiNdebele,intermediate_grade_4_6,other,English,structured_test_or_task,False,False,False,False,False,False,False,False,False,/home/byron/Downloads/KnowEdge_AutoRelease_Suite/corpora/caps/pdf/intermediate_grade_4_6/caps_ip_fal_isindebele_gr_4-6_web.pdf,30694641c13d8b379eae98edf2b9e9f8a50a3b0a031cab4e17d24b7c94dc203f
IsiNdebele,intermediate_grade_4_6,other,English,structured_test_or_task,False,False,False,False,False,False,False,False,False,/home/byron/Downloads/KnowEdge_AutoRelease_Suite/corpora/caps/pdf/intermediate_grade_4_6/caps_ip_sal_isindebele_gr_10-12_web.pdf,a8b26ae2ed39bf5e2d7fc0a47b78e4c719ba998d8b0b9e03e0395039547d8eba
IsiXhosa,intermediate_grade_4_6,language,English,language_integrated_assessment,False,False,False,False,False,False,True,False,False,/home/byron/Downloads/KnowEdge_AutoRelease_Suite/corpora/caps/pdf/intermediate_grade_4_6/caps_ip_fal_isixhosa_gr_4-6_web.pdf,82395468302cde906f7bee8d7b24e0182fd48462367ec204b6f83d2c61951670
IsiXhosa,intermediate_grade_4_6,language,English,language_integrated_assessment,False,False,False,False,False,False,True,False,False,/home/byron/Downloads/KnowEdge_AutoRelease_Suite/corpora/caps/pdf/intermediate_grade_4_6/caps_ip_sal_isixhosa_gr_4-6_web.pdf,c18f268850fecaf6dc5d20152102f7d7dab9c3083ee9c63688cd86f66d15195f
IsiXhosa,intermediate_grade_4_6,language,English,language_integrated_assessment,False,False,False,False,False,False,True,False,False,/home/byron/Downloads/KnowEdge_AutoRelease_Suite/corpora/caps/pdf/intermediate_grade_4_6/caps_ip_home_isixhosa_gr_4-6_web.pdf,b58d05385cfe80298d414b3ea54599b37d07a049710fc5bce922c8f29d91bd8e
IsiZulu,intermediate_grade_4_6,language,English,language_integrated_assessment,False,False,False,False,False,False,False,False,False,/home/byron/Downloads/KnowEdge_AutoRelease_Suite/corpora/caps/pdf/intermediate_grade_4_6/caps_ip_home_isizulu_gr_4-6_web.pdf,a72ee3bf53767dfda206e58636a2a3c56a50e233a6b3e6b08ce5216c2d94532c
IsiZulu,intermediate_grade_4_6,language,English,language_integrated_assessment,False,False,False,False,False,False,False,False,False,/home/byron/Downloads/KnowEdge_AutoRelease_Suite/corpora/caps/pdf/intermediate_grade_4_6/caps_ip_fal_isizulu_gr_4-6_web.pdf,ec4a94d90e64db2f340c61c6490b223234f150b894983d7cc1fb66f7d6a1371d
IsiZulu,intermediate_grade_4_6,language,English,language_integrated_assessment,False,False,False,False,False,False,False,False,False,/home/byron/Downloads/KnowEdge_AutoRelease_Suite/corpora/caps/pdf/intermediate_grade_4_6/caps_ip_sal_isizulu_gr_4-6_web.pdf,3b4334954076b25874948abfc3aa2c21c6ea1da6e37f62d90cfe79f75cfc7938
Life Skills,intermediate_grade_4_6,life_skills,Afrikaans,structured_test_or_task,False,False,False,False,False,False,False,False,False,/home/byron/Downloads/KnowEdge_AutoRelease_Suite/corpora/caps/pdf/intermediate_grade_4_6/caps_ip_afr_lewensvaardighede_gr_4-6_web.pdf,582fc0fea9b4e7aeef11e41935ec38a6d73ee12dd9b14ff27b9a683875680a6a
Life Skills,intermediate_grade_4_6,life_skills,English,practical_investigation,True,False,True,True,True,True,True,True,True,/home/byron/Downloads/KnowEdge_AutoRelease_Suite/corpora/caps/pdf/intermediate_grade_4_6/caps_ip_life_skills_gr_4-6_web.pdf,4113b006498494cd90bc5203c88ca2d5a1a1856c42b0274a31cc3f1442412317
Mandarin,intermediate_grade_4_6,other,Unknown,source_based_plus_extended_response,True,True,False,True,True,False,True,True,True,/home/byron/Downloads/KnowEdge_AutoRelease_Suite/corpora/caps/pdf/intermediate_grade_4_6/mandarin_second_additional_language_caps_grades_4-6.pdf,2595347ee664e27555a18f640d449bb123b7d855700dc71a43aa9b2624a5fed6
Mathematics,intermediate_grade_4_6,mathematics,English,calculation_problem_solving,False,False,False,True,True,False,True,True,True,/home/byron/Downloads/KnowEdge_AutoRelease_Suite/corpora/caps/pdf/intermediate_grade_4_6/caps_ip_mathematics_gr_4-6_web.pdf,7fec668a6d3b0ed4ae6974a9739970a2128a80553589f682ff5d5bffc02a783e
Mathematics,intermediate_grade_4_6,mathematics,Afrikaans,calculation_problem_solving,False,False,False,True,True,False,False,False,False,/home/byron/Downloads/KnowEdge_AutoRelease_Suite/corpora/caps/pdf/intermediate_grade_4_6/caps_ip_afr_wiskunde_gr_4-6_web.pdf,6613d07e57aaf5c77556728a9275ee71d335f393cca1de1506bc74f47d360aa3
Natural Sciences and Technology,intermediate_grade_4_6,science,Afrikaans,data_diagram_practical_investigation,False,False,False,True,True,True,False,False,True,/home/byron/Downloads/KnowEdge_AutoRelease_Suite/corpora/caps/pdf/intermediate_grade_4_6/caps_ip_afr_natuurwetenskappe_en_tegnologie_gr_4-6_web.pdf,921aa0c853b8044fce1b9a9a6097416a1778a357bbf81e6c040b05f90cad0e8e
Natural Sciences and Technology,intermediate_grade_4_6,science,English,data_diagram_practical_investigation,True,False,True,True,True,True,True,True,True,/home/byron/Downloads/KnowEdge_AutoRelease_Suite/corpora/caps/pdf/intermediate_grade_4_6/caps_ip_natural_sciences_technology_web.pdf,4bf95cdcc20b1b7902a9ea65826d83624012b17f39b9d96287e1f18d40105b69
Sepedi,intermediate_grade_4_6,language,English,language_integrated_assessment,False,False,False,False,True,False,True,False,False,/home/byron/Downloads/KnowEdge_AutoRelease_Suite/corpora/caps/pdf/intermediate_grade_4_6/caps_ip_sal_sepedi_gr_4-6_web.pdf,ea618b908c17e84fdeda6c5fe7df6f5f22005e4a8ba58ebfef5be96398bc60bd
Sepedi,intermediate_grade_4_6,language,English,language_integrated_assessment,False,False,False,False,True,False,True,False,False,/home/byron/Downloads/KnowEdge_AutoRelease_Suite/corpora/caps/pdf/intermediate_grade_4_6/caps_ip_fal_sepedi_gr_4-6_web.pdf,0e8e45bcefc2ca8415744021863c70961d9024e65c84000f073ec31fd66ae0a7
Sepedi,intermediate_grade_4_6,language,English,language_integrated_assessment,False,False,False,False,True,False,False,False,False,/home/byron/Downloads/KnowEdge_AutoRelease_Suite/corpora/caps/pdf/intermediate_grade_4_6/caps_ip_home_sepedi_gr_4-6_web.pdf,a749622653509f02188841abe7a31bb34a5e47c61ce93ae492d41b0745711119
Serbian,intermediate_grade_4_6,other,Unknown,source_based_plus_extended_response,True,True,True,True,True,True,True,True,True,/home/byron/Downloads/KnowEdge_AutoRelease_Suite/corpora/caps/pdf/intermediate_grade_4_6/caps_serbian_home_language_ip.pdf,84d8f62fa5779a36f4ead52e92c8a166dda109be700994681eba95aadddd0099
Serbian,intermediate_grade_4_6,other,Unknown,source_based_plus_extended_response,True,True,False,True,True,False,True,True,True,/home/byron/Downloads/KnowEdge_AutoRelease_Suite/corpora/caps/pdf/intermediate_grade_4_6/caps_serbian_second_additional_language_ip.pdf,2dd5a778480c90bad963b13cdb10f38a93a57e5b01559ec8bad27f0918abf28c
Sesotho,intermediate_grade_4_6,language,English,language_integrated_assessment,False,False,False,False,True,False,True,False,False,/home/byron/Downloads/KnowEdge_AutoRelease_Suite/corpora/caps/pdf/intermediate_grade_4_6/caps_ip_fal_sesotho_gr_4-6_web.pdf,6fa18ff8ac30b1367d5ec333bcca5510c9d63e4bf9b540094a0a250436fd6e97
Sesotho,intermediate_grade_4_6,language,English,language_integrated_assessment,False,False,False,False,True,False,True,False,False,/home/byron/Downloads/KnowEdge_AutoRelease_Suite/corpora/caps/pdf/intermediate_grade_4_6/caps_ip_home_sesotho_gr_4-6_web.pdf,825cb47e54982beabede0208104c35f44d76bbe0389f5165a453a3c545ac2131
Sesotho,intermediate_grade_4_6,language,English,language_integrated_assessment,False,False,False,False,True,False,True,False,False,/home/byron/Downloads/KnowEdge_AutoRelease_Suite/corpora/caps/pdf/intermediate_grade_4_6/caps_ip_sal_sesotho_gr_4-6_web.pdf,2ac856b1d8d6ed0262cfede2205b86c013974c56487201bf03977677069b16b1
Setswana,intermediate_grade_4_6,language,English,language_integrated_assessment,False,False,False,False,True,False,False,False,False,/home/byron/Downloads/KnowEdge_AutoRelease_Suite/corpora/caps/pdf/intermediate_grade_4_6/caps_ip_hlsetswana_web.pdf,e5cd02fec738419f04bc95dc61574154ef3723dc7e793f96ffe8d95da42b107c
Setswana,intermediate_grade_4_6,language,Setswana,language_integrated_assessment,False,False,False,False,True,False,False,False,False,/home/byron/Downloads/KnowEdge_AutoRelease_Suite/corpora/caps/pdf/intermediate_grade_4_6/caps_ip_falsetswana_web.pdf,a6407e635f9f490f9a7cb1c70e4ca432543dc75b80df35ed7b242ee5361081e1
Setswana,intermediate_grade_4_6,language,English,language_integrated_assessment,False,False,False,False,True,False,False,False,False,/home/byron/Downloads/KnowEdge_AutoRelease_Suite/corpora/caps/pdf/intermediate_grade_4_6/caps_ip_sal_setswana_web.pdf,33322385cf848ae0c668ad6d0164e64605c2293b6c62d0ce7df2b65c24385125
Siswati,intermediate_grade_4_6,language,English,language_integrated_assessment,False,False,False,False,False,False,False,False,False,/home/byron/Downloads/KnowEdge_AutoRelease_Suite/corpora/caps/pdf/intermediate_grade_4_6/caps_ip_sal_siswati_gr_4-6_web.pdf,3712c6f8a5a70f3adbb65c47d227186e58094aef36dcb9f26e9de2f49c7abcbb
Siswati,intermediate_grade_4_6,language,English,language_integrated_assessment,False,False,False,False,False,False,False,False,False,/home/byron/Downloads/KnowEdge_AutoRelease_Suite/corpora/caps/pdf/intermediate_grade_4_6/caps_ip_fal_siswati_gr_10-12_web.pdf,03254fa974a88598d8931c5b6119be54aaf1a3e5c99d569150f6f3292e115f2f
Siswati,intermediate_grade_4_6,language,English,language_integrated_assessment,False,False,False,False,False,False,False,False,False,/home/byron/Downloads/KnowEdge_AutoRelease_Suite/corpora/caps/pdf/intermediate_grade_4_6/caps_ip_home_siswati_gr_4-6_web.pdf,eb3a547c4b71dfec55d649844d67f9e4df386a2d8d419bded53ac2dfb0460676
Social Sciences,intermediate_grade_4_6,social_sciences,English,source_based_plus_extended_response,True,True,True,True,True,True,True,True,True,/home/byron/Downloads/KnowEdge_AutoRelease_Suite/corpora/caps/pdf/intermediate_grade_4_6/caps_ip_social_sciences_web.pdf,8f3d900799c699ba95aa86a38182948fcd970288c4c933006e59ab0122846222
Social Sciences,intermediate_grade_4_6,social_sciences,Afrikaans,practical_investigation,False,False,False,True,True,True,False,False,True,/home/byron/Downloads/KnowEdge_AutoRelease_Suite/corpora/caps/pdf/intermediate_grade_4_6/caps_ip_afr_social_sciences_web.pdf,ad1998ea748fccf12b556c96a5fc4dcfa73b6c32ad9b94f3ffc2fc32367d0dde
Tshivenda,intermediate_grade_4_6,language,English,language_integrated_assessment,False,False,False,False,False,False,True,False,False,/home/byron/Downloads/KnowEdge_AutoRelease_Suite/corpora/caps/pdf/intermediate_grade_4_6/caps_ip_sal_tshivenda_gr_4-6_web.pdf,89f94a11fa2786c92e41ab2a7a73a615fe20be9e24d2575d6736e822b2dbc298
Tshivenda,intermediate_grade_4_6,language,English,language_integrated_assessment,False,False,False,False,False,False,True,False,False,/home/byron/Downloads/KnowEdge_AutoRelease_Suite/corpora/caps/pdf/intermediate_grade_4_6/caps_ip_fal_tshivenda_gr_4-6_web.pdf,698dde75312c62297ed253226864a76c72f025f9a09f566417ab6719cd9bbf39
Tshivenda,intermediate_grade_4_6,language,English,language_integrated_assessment,False,False,False,False,False,False,False,False,False,/home/byron/Downloads/KnowEdge_AutoRelease_Suite/corpora/caps/pdf/intermediate_grade_4_6/caps_ip_home_tshivenda_gr_4-6_web.pdf,0659a0dc3ba062cef447cc299dd29c7bb5e849495237fa679c63c63dac09b341
Xitsonga,intermediate_grade_4_6,language,English,language_integrated_assessment,False,False,False,False,False,False,False,False,False,/home/byron/Downloads/KnowEdge_AutoRelease_Suite/corpora/caps/pdf/intermediate_grade_4_6/caps_ip_home_xitsonga_gr_4-6_web.pdf,62c7f22fe922fd22fc178e6251d62ae6819661aee2ab47b93b2e607663a484aa
Xitsonga,intermediate_grade_4_6,language,English,language_integrated_assessment,False,False,False,False,False,False,False,False,False,/home/byron/Downloads/KnowEdge_AutoRelease_Suite/corpora/caps/pdf/intermediate_grade_4_6/caps_ip_sal_xitsonga_gr_4-6.pdf,ef5b702d232fafdc35e5d14728051144f8465e132ac144f48b60555c3e1fe51a
Xitsonga,intermediate_grade_4_6,language,English,language_integrated_assessment,False,False,False,False,False,False,False,False,False,/home/byron/Downloads/KnowEdge_AutoRelease_Suite/corpora/caps/pdf/intermediate_grade_4_6/caps_ip_fal_xitsonga_gr_4-6_web.pdf,b9a6aa970e1ee4da64d099e08954bffef67ea0b0fd112541e6541c2cf7bb2dc2
2020 Amendments: Art Subjects,policy_and_support,other,Unknown,source_based_plus_extended_response,True,True,True,True,True,True,True,True,True,/home/byron/Downloads/KnowEdge_AutoRelease_Suite/corpora/caps/pdf/policy_and_support/art_subjects-caps_14_dec_2020.pdf,9857e7201e46e79fa77a4b999e3b524be5b9cb085eaeb10b5714d6c558540749
2020 Amendments: Grade 12 Abridged Section 4,policy_and_support,other,Unknown,source_based_plus_extended_response,True,True,True,True,True,True,True,True,True,/home/byron/Downloads/KnowEdge_AutoRelease_Suite/corpora/caps/pdf/policy_and_support/grade_12_abridged_section_4_caps_-14_dec_2020.pdf,e744f754cc5f73886eb5cf614b120e3d6af33c6a0b2dc4cea878a2e5d876a00d
Amendment: CAT CAPS 2024 -Section 3,policy_and_support,other,Unknown,practical_investigation,False,False,True,True,True,True,True,True,True,/home/byron/Downloads/KnowEdge_AutoRelease_Suite/corpora/caps/pdf/policy_and_support/cat_caps_2024_-section_3.pdf,40348440736d83437b369eb7fe1b5e31d769b13e0bdc746a688a51102a8fce4a
Amendment: IT CAPS 2024 -Section 3,policy_and_support,other,Unknown,practical_investigation,True,False,True,True,True,True,True,True,True,/home/byron/Downloads/KnowEdge_AutoRelease_Suite/corpora/caps/pdf/policy_and_support/it_caps_2024_-section_3.pdf,b44a1f8fcb15ee490e52fb706bf6b9c45e90345f6f1037d2e7994f31bda73a22
CAPS Errata: African Languages,policy_and_support,other,isiNdebele,project_or_sba_task,False,True,False,True,False,True,True,False,True,/home/byron/Downloads/KnowEdge_AutoRelease_Suite/corpora/caps/pdf/policy_and_support/caps_errata_african_languages.pdf,d1d94f71a43d31c8a34b36a95b0aaf5643dcabf908021ee49903b5ef2ecc84e5
CAPS Errata: Grade 12 and SP,policy_and_support,other,Afrikaans,source_based_plus_extended_response,True,True,True,True,True,True,True,True,True,/home/byron/Downloads/KnowEdge_AutoRelease_Suite/corpora/caps/pdf/policy_and_support/caps_errata_grade_12_and_sp.pdf,f7249adcbf8bcbbb87bf917bd84ab2f0ad8155e2950397bc68b4f6bdc0c5cbaf
Guidelines for responding to learner diversity through CAPS,policy_and_support,other,English,practical_investigation,True,False,True,True,True,True,True,True,True,/home/byron/Downloads/KnowEdge_AutoRelease_Suite/corpora/caps/pdf/policy_and_support/guidelines_for_responding_to_learner_diversity_through_caps_final.pdf,35622e367dc93776b486c2af137788d70b7d1e584767c9b3cdffcc8e32f25254
Guidelines to strengthen CAPS Implementation 2017: GET,policy_and_support,other,Unknown,source_based_plus_extended_response,True,True,True,True,True,True,True,False,True,/home/byron/Downloads/KnowEdge_AutoRelease_Suite/corpora/caps/pdf/policy_and_support/s1_2017_annexure_a_get_guidelines_to_strengthen_caps_section_4.pdf,df293de4e80399581ea4ae7390a6f2c4060b224187d86be22c0e860e4f1a0a2a
Afrikaans,senior_grade_7_9,language,Afrikaans,language_integrated_assessment,False,False,True,True,True,False,False,False,True,/home/byron/Downloads/KnowEdge_AutoRelease_Suite/corpora/caps/pdf/senior_grade_7_9/caps_sp_fal_afrikaans_gr_7-9_web.pdf,873d187df761acaf8795710556d8f22fb6ba271db3dd66eed9beb365d03bcbc7
Afrikaans,senior_grade_7_9,language,Afrikaans,language_integrated_assessment,False,False,True,True,True,False,False,False,True,/home/byron/Downloads/KnowEdge_AutoRelease_Suite/corpora/caps/pdf/senior_grade_7_9/caps_sp_home_afrikaans_gr_7-9_web.pdf,48db5ba6f14127fc7c266326ae820498f9efdaec372d7f1a8440f9fe88c21815
Afrikaans,senior_grade_7_9,language,Afrikaans,language_integrated_assessment,False,True,False,True,True,False,False,False,True,/home/byron/Downloads/KnowEdge_AutoRelease_Suite/corpora/caps/pdf/senior_grade_7_9/caps_sp_afrikaans_sal_web.pdf,1af5dc56e8701f2eeecca55d3375f0baf7d2362e2cd2c37f28118755d7a6a87a
Creative Arts,senior_grade_7_9,other,English,practical_investigation,True,False,True,True,True,True,True,True,True,/home/byron/Downloads/KnowEdge_AutoRelease_Suite/corpora/caps/pdf/senior_grade_7_9/caps_sp_creative_arts_gr_7-9_web.pdf,eabc3325fc1569737f31c4e694e27bfc271bca3c2a6be4eb4de049b46cd30f14
Economics Management and Science,senior_grade_7_9,commerce,English,case_study_structured_questions,True,False,True,True,True,True,True,True,True,/home/byron/Downloads/KnowEdge_AutoRelease_Suite/corpora/caps/pdf/senior_grade_7_9/caps_sp_ems_web.pdf,313a25bf38f59a24df8180453aab57aa573d8aaf2564af4a342d0df2456ad8ea
Ekonomiese en bestuurswetenskaap (Ecomonics Management and Science),senior_grade_7_9,language,Afrikaans,language_integrated_assessment,False,False,True,True,False,False,False,False,True,/home/byron/Downloads/KnowEdge_AutoRelease_Suite/corpora/caps/pdf/senior_grade_7_9/caps_sp_ems_afrikaans_gr_7-9.pdf,85189fb6c900c13fbf589273dff2a5ed45aee1d3b8b77c90f2c6d8d603b20b78
English,senior_grade_7_9,language,English,language_integrated_assessment,True,False,True,True,True,True,True,True,True,/home/byron/Downloads/KnowEdge_AutoRelease_Suite/corpora/caps/pdf/senior_grade_7_9/sp_coding_and_robotics_caps_2025.pdf,04ae21e3899fa9df3c52c243c0b5d876fccadd89c8af63ab66d02d40c5ac6036
English,senior_grade_7_9,language,English,language_integrated_assessment,True,True,True,True,True,True,True,True,True,/home/byron/Downloads/KnowEdge_AutoRelease_Suite/corpora/caps/pdf/senior_grade_7_9/caps_sp_hl_english_gr_7-9_web.pdf,813b0169129ac04412e13c4afbc466210de903eb3a798a3adada0abe195c3f42
English,senior_grade_7_9,language,English,language_integrated_assessment,True,True,True,True,True,True,True,True,True,/home/byron/Downloads/KnowEdge_AutoRelease_Suite/corpora/caps/pdf/senior_grade_7_9/caps_sp_fal_english_gr_7-9_web.pdf,489f8c6076c86f5515df3ec00ce5cb8aa403435e28215d8423c7e42855c56a49
English,senior_grade_7_9,language,English,language_integrated_assessment,True,True,True,True,True,True,True,True,True,/home/byron/Downloads/KnowEdge_AutoRelease_Suite/corpora/caps/pdf/senior_grade_7_9/caps_sp_sal_english_gr_7-9_web.pdf,704ff947ea2c4de5b95fe89e2c9436846ca8774e25a208392bc24a7032a73abb
French,senior_grade_7_9,other,Unknown,source_based_plus_extended_response,True,True,True,True,True,True,True,False,True,/home/byron/Downloads/KnowEdge_AutoRelease_Suite/corpora/caps/pdf/senior_grade_7_9/french_caps_second_additional_language_grades_7-9_final_13_01_2017.pdf,a9a4ecc660b169d0f5829de963f1772758fc662711e22b874cef4b2bcec0600a
German,senior_grade_7_9,other,Unknown,source_based_plus_extended_response,True,True,True,True,True,True,True,True,True,/home/byron/Downloads/KnowEdge_AutoRelease_Suite/corpora/caps/pdf/senior_grade_7_9/caps_german_sal_sp_final.pdf,8d606c1095a9b61087a28b638d5b84f931f3353f5b086bcba7b87b22fe2aa8e9
IsiNdebele,senior_grade_7_9,other,English,structured_test_or_task,False,False,False,False,False,False,False,False,False,/home/byron/Downloads/KnowEdge_AutoRelease_Suite/corpora/caps/pdf/senior_grade_7_9/caps_sp_fal_isindebele_gr_7-9_web.pdf,24df201aceccd50db62a75b66306d6e216edeaf2beab5cc7511fbc09c17d225b
IsiNdebele,senior_grade_7_9,other,English,structured_test_or_task,False,False,False,False,False,False,False,False,False,/home/byron/Downloads/KnowEdge_AutoRelease_Suite/corpora/caps/pdf/senior_grade_7_9/caps_sp_home_isindebele_gr_7-9_web.pdf,76304b24f1c17b03dde4592d3266d7da35f7a593051bd69d6f3fdaa5c78fba63
IsiXhosa,senior_grade_7_9,language,English,language_integrated_assessment,False,False,False,True,False,False,True,False,False,/home/byron/Downloads/KnowEdge_AutoRelease_Suite/corpora/caps/pdf/senior_grade_7_9/caps_sp_home_isixhosa_gr_7-9_web.pdf,d4658a97ce4922bede3b9a11c803b6bca88f0fc697cbe0b2698896f5bb5d7134
IsiXhosa,senior_grade_7_9,language,English,language_integrated_assessment,False,False,False,False,False,True,True,False,False,/home/byron/Downloads/KnowEdge_AutoRelease_Suite/corpora/caps/pdf/senior_grade_7_9/caps_sp_sal_isixhosa_gr_7-9_web.pdf,d52cffe2bb1d693f89e53ee0669d2f19b7387efc6bd87a7833de60da14a7e521
IsiXhosa,senior_grade_7_9,language,English,language_integrated_assessment,False,False,False,True,False,False,True,False,False,/home/byron/Downloads/KnowEdge_AutoRelease_Suite/corpora/caps/pdf/senior_grade_7_9/caps_sp_fal_isixhosa_gr_7-9_web.pdf,4b8aa1a46011fc517cc8912a1509377b8846bedc2cd36f9dbd232829233c3ed9
IsiZulu,senior_grade_7_9,language,English,language_integrated_assessment,False,False,False,False,False,True,True,False,False,/home/byron/Downloads/KnowEdge_AutoRelease_Suite/corpora/caps/pdf/senior_grade_7_9/caps_sp_sal_isizulu_gr_7-9_web.pdf,398d53fd8916973c6166d31f8c79b6082bb9f4b99327f15d77af7e645c3814bc
IsiZulu,senior_grade_7_9,language,English,language_integrated_assessment,False,False,False,False,False,False,False,False,False,/home/byron/Downloads/KnowEdge_AutoRelease_Suite/corpora/caps/pdf/senior_grade_7_9/caps_sp_home_isizulu_gr_7-9_web.pdf,4d9ad8000fa8740dff07a478b8856d4f03590aab0dbfd2b5fb6052709a5b121b
IsiZulu,senior_grade_7_9,language,English,language_integrated_assessment,False,False,False,False,False,False,False,False,False,/home/byron/Downloads/KnowEdge_AutoRelease_Suite/corpora/caps/pdf/senior_grade_7_9/caps_sp_fal_isizulu_gr_7-9_web.pdf,cacc059d760de7ab2851c6ff7914b2331c1349862be14ef788b95bcfe05a9f4b
Lewensorientering (Life Orientation),senior_grade_7_9,life_skills,Afrikaans,structured_test_or_task,False,False,True,False,False,False,False,False,False,/home/byron/Downloads/KnowEdge_AutoRelease_Suite/corpora/caps/pdf/senior_grade_7_9/caps_sp_afr_lewensorientering_gr_7-9_web.pdf,95056fe9b4177ebab1c427d97a3d7907d54afe473328713ad326113bb70d35ef
Life Orientation,senior_grade_7_9,life_skills,English,source_based_plus_extended_response,True,True,True,True,True,True,True,True,True,/home/byron/Downloads/KnowEdge_AutoRelease_Suite/corpora/caps/pdf/senior_grade_7_9/caps_sp_life_orientation_web.pdf,7904a388b6dfda1c3b265638d7f91298e2290e50eda65f9625fa3a764356dca3
Mandarin,senior_grade_7_9,other,Unknown,source_based_plus_extended_response,True,True,True,True,True,True,True,True,True,/home/byron/Downloads/KnowEdge_AutoRelease_Suite/corpora/caps/pdf/senior_grade_7_9/mandarin_second_additional_language_caps_grades_7-9.pdf,4b2618f4e30ddeff6f2734c6f93824551866ffba2554692aed23592e0b62f4e2
Mathematics,senior_grade_7_9,mathematics,English,calculation_problem_solving,False,False,False,True,True,False,True,True,True,/home/byron/Downloads/KnowEdge_AutoRelease_Suite/corpora/caps/pdf/senior_grade_7_9/caps_sp_mathematics_gr_7-9.pdf,64dcd19ee1d67109ff4172d9b098259954a2e77a55aeae0d11ee7ec033b0d8f8
Natural Science,senior_grade_7_9,science,English,data_diagram_practical_investigation,True,False,False,True,True,True,True,True,True,/home/byron/Downloads/KnowEdge_AutoRelease_Suite/corpora/caps/pdf/senior_grade_7_9/caps_sp_natural_sciences_gr_7-9_web.pdf,8699f105ebee604a9b0a0aebcbd7e9ebac27f5e034b00559a19f8418e1615e9f
Natuurwetenskappe (Natural Science),senior_grade_7_9,other,Afrikaans,practical_investigation,False,False,False,True,True,True,True,False,True,/home/byron/Downloads/KnowEdge_AutoRelease_Suite/corpora/caps/pdf/senior_grade_7_9/caps_sp_afr_natural_science_web.pdf,adaba61b73210635686d9e26a791ec64e4ca9ec587bffed6180d70e8fc720353
Senior Phase (Grade 7-9),senior_grade_7_9,other,Unknown,source_based_plus_extended_response,True,True,True,True,True,True,True,False,True,/home/byron/Downloads/KnowEdge_AutoRelease_Suite/corpora/caps/pdf/senior_grade_7_9/caps_sasignlanguage_hl_sp_gr_7-9_2.pdf,b5d864000eea348ef978bede89a4e5d58411659aa55c1a07dfba36f6317a02b3
Sepedi,senior_grade_7_9,language,English,language_integrated_assessment,False,False,False,False,True,False,True,False,True,/home/byron/Downloads/KnowEdge_AutoRelease_Suite/corpora/caps/pdf/senior_grade_7_9/caps_sp_fal_sepedi_gr_7-9_web.pdf,d1e0e400d811af125f31e7ebe9c0f0bc781770d55afed9c3a10a2c5639bc5488
Sepedi,senior_grade_7_9,language,English,language_integrated_assessment,False,False,False,False,True,False,True,False,False,/home/byron/Downloads/KnowEdge_AutoRelease_Suite/corpora/caps/pdf/senior_grade_7_9/caps_sp_sal_sepedi_gr_7-9_web.pdf,d3f4b277c83fb7c7059573712cb5b849273ca180e5419a66cabbe46c2d4fc92e
Sepedi,senior_grade_7_9,language,English,language_integrated_assessment,False,False,False,False,True,False,True,False,True,/home/byron/Downloads/KnowEdge_AutoRelease_Suite/corpora/caps/pdf/senior_grade_7_9/caps_sp_hl_sepedi_gr_7-9_web.pdf,7039c3fc4bf6e4ab9cd997ee1400828cd7f2b396105238a88fff6698802c458d
Serbian,senior_grade_7_9,other,Unknown,source_based_plus_extended_response,True,True,True,True,True,True,True,True,True,/home/byron/Downloads/KnowEdge_AutoRelease_Suite/corpora/caps/pdf/senior_grade_7_9/caps_serbian_home_language_sp.pdf,60919f3c39f9bc9a273c456ee6c0dd3eec4966613cfe01795aadf1c7ead53b4a
Serbian,senior_grade_7_9,other,Unknown,source_based_plus_extended_response,True,True,True,True,True,True,True,True,True,/home/byron/Downloads/KnowEdge_AutoRelease_Suite/corpora/caps/pdf/senior_grade_7_9/caps_serbian_second_additional_language_sp.pdf,1658bc10bc4a5629e156b083dea9c13741eab843fd745fa5ee23571316db4cdf
Sesotho,senior_grade_7_9,language,English,language_integrated_assessment,False,False,False,False,True,False,True,False,True,/home/byron/Downloads/KnowEdge_AutoRelease_Suite/corpora/caps/pdf/senior_grade_7_9/caps_sp_fal_sesotho_web.pdf,d5cb25a235c04d7509ba0bb1519dd4c0228c5f98b92d848de3fb237bfd6e1384
Sesotho,senior_grade_7_9,language,English,language_integrated_assessment,False,False,False,False,True,False,True,False,True,/home/byron/Downloads/KnowEdge_AutoRelease_Suite/corpora/caps/pdf/senior_grade_7_9/caps_sp_home_sesotho_gr_7-9_web.pdf,de934cfe368c2fb59dc2ad920f1017ada99d3716cee765c84efe433934c0b0dd
Sesotho,senior_grade_7_9,language,English,language_integrated_assessment,False,False,False,False,True,False,True,False,False,/home/byron/Downloads/KnowEdge_AutoRelease_Suite/corpora/caps/pdf/senior_grade_7_9/caps_sp_sal_sesotho_gr_7-9_web.pdf,11f2550666bc1dee12b9247a03159370328df7ba27cfbe0d080037b09dafd47f
Setswana,senior_grade_7_9,language,English,language_integrated_assessment,False,False,False,False,True,False,False,False,True,/home/byron/Downloads/KnowEdge_AutoRelease_Suite/corpora/caps/pdf/senior_grade_7_9/caps_sp_fal_setswana_gr_7-9.pdf,6144962eb83bdbe90b9446f499ed5dc4c9a7af2862ed42fac3f83f6336925a61
Setswana,senior_grade_7_9,language,English,language_integrated_assessment,False,False,False,False,True,False,False,False,True,/home/byron/Downloads/KnowEdge_AutoRelease_Suite/corpora/caps/pdf/senior_grade_7_9/caps_sp_home_setswana_gr_7-9_web.pdf,3259bf6bfde6ae092cfa9bcc63074052347a3aa8431dc0249c8e4c3792d4bbb7
Setswana,senior_grade_7_9,language,English,language_integrated_assessment,False,False,False,False,True,False,False,False,False,/home/byron/Downloads/KnowEdge_AutoRelease_Suite/corpora/caps/pdf/senior_grade_7_9/caps_sp_sal_setswana_web.pdf,e028b2e02f48bb01622eca24d0c41c9cbcbfd7e67ca6a7bca599a2e62da4d7df
Siswati,senior_grade_7_9,language,English,language_integrated_assessment,False,False,False,False,False,False,False,False,False,/home/byron/Downloads/KnowEdge_AutoRelease_Suite/corpora/caps/pdf/senior_grade_7_9/caps_sp_home_siswati_gr_7-9_web.pdf,fac2ce6d25f1cd4d7c29186a0fb381a109ab8d044325d108a3be23b3dd41890e
Siswati,senior_grade_7_9,language,English,language_integrated_assessment,False,False,False,False,False,False,False,False,False,/home/byron/Downloads/KnowEdge_AutoRelease_Suite/corpora/caps/pdf/senior_grade_7_9/caps_sp_fal_siswati_gr_7-9_web.pdf,7aa0dd1c4d5c8d0220a9c294393fd168e99921c902c52696195cb7eb3f999836
Skeppende kunste (Creative Arts),senior_grade_7_9,other,Afrikaans,practical_investigation,False,False,True,False,True,False,False,False,False,/home/byron/Downloads/KnowEdge_AutoRelease_Suite/corpora/caps/pdf/senior_grade_7_9/caps_sp_afr_skeppende_kunste_gr_7-9_web.pdf,7c49a5fa6065338c98d8f31ff2dbf16bdff4aa1651261423bf64aa639ae39404
Social Science,senior_grade_7_9,other,English,source_based_plus_extended_response,True,True,True,True,True,True,True,True,True,/home/byron/Downloads/KnowEdge_AutoRelease_Suite/corpora/caps/pdf/senior_grade_7_9/caps_sp_social_science_gr_7-9.pdf,a2c858ef3870dd8aace43bbb3db7ba345e05ca00f8c989041bae1a9e01b1fbe0
Sosialewetenskappe (Social Science),senior_grade_7_9,other,Afrikaans,practical_investigation,False,False,False,True,True,True,False,False,False,/home/byron/Downloads/KnowEdge_AutoRelease_Suite/corpora/caps/pdf/senior_grade_7_9/caps_sp_afr_social_science_web.pdf,1695fcef1e508a19c0272fe9d98514c24f1c305170822e4bed814b4a5364bc98
Technology,senior_grade_7_9,technology,English,practical_project_design_task,True,False,True,True,True,True,True,True,True,/home/byron/Downloads/KnowEdge_AutoRelease_Suite/corpora/caps/pdf/senior_grade_7_9/caps_sp_technology_gr_7-9.pdf,89898067efff5d97f4016e46e1185d06a3c8c47e4f2da7d15f74707f78ac4853
Tegnologie (Technology),senior_grade_7_9,technology,Afrikaans,practical_project_design_task,False,False,True,True,True,True,True,False,False,/home/byron/Downloads/KnowEdge_AutoRelease_Suite/corpora/caps/pdf/senior_grade_7_9/caps_sp_afr_tegnologie_web.pdf,e0a63cdad3853544710169d4003905d719ea8cf3f1baad524e5665de37829db4
Tshivenda,senior_grade_7_9,language,English,language_integrated_assessment,False,False,False,False,False,False,True,False,False,/home/byron/Downloads/KnowEdge_AutoRelease_Suite/corpora/caps/pdf/senior_grade_7_9/caps_sp_fal_tshivenda_web.pdf,3b87669257aeb20dfaa50f63ff050a4081e42551a03697eabe83ad58eadcb2e8
Tshivenda,senior_grade_7_9,language,English,language_integrated_assessment,False,False,False,False,False,False,False,False,False,/home/byron/Downloads/KnowEdge_AutoRelease_Suite/corpora/caps/pdf/senior_grade_7_9/caps_sp_sal_tshivenda_gr_7-9_web.pdf,c1831c480cf90584fc94dab558fe8a917ab28b486ff7ac2b0bceb746a48ea4f2
Tshivenda,senior_grade_7_9,language,English,language_integrated_assessment,False,False,False,False,False,False,True,False,False,/home/byron/Downloads/KnowEdge_AutoRelease_Suite/corpora/caps/pdf/senior_grade_7_9/caps_sp_home_tshivenda_gr_7-9_web.pdf,54b357f03e96caf5d2361aa9b8db743600d5f7127764549e279bd344968d99b5
Wiskunde (Mathematics),senior_grade_7_9,mathematics,Afrikaans,calculation_problem_solving,False,False,False,True,True,False,False,False,False,/home/byron/Downloads/KnowEdge_AutoRelease_Suite/corpora/caps/pdf/senior_grade_7_9/caps_sp_afr_wiskunde_gr_7-9_web.pdf,06831729faeee9b4bb31c448fec29a59dcfb57f7eaea2e2860818cea4d766e3b
Xitsonga,senior_grade_7_9,language,English,language_integrated_assessment,False,False,False,False,True,False,False,False,False,/home/byron/Downloads/KnowEdge_AutoRelease_Suite/corpora/caps/pdf/senior_grade_7_9/caps_sp_fal_xitsonga_gr_7-9_web.pdf,35817705b257f4f9df29adffe7e06ce7f3b52a8e2917fef6276eb6d70120f542
Xitsonga,senior_grade_7_9,language,English,language_integrated_assessment,False,False,False,False,True,False,False,False,False,/home/byron/Downloads/KnowEdge_AutoRelease_Suite/corpora/caps/pdf/senior_grade_7_9/caps_sp_home_xitsonga_gr_7-9_web.pdf,7705638aa810b52bc95e869d16eec6b1817dda1262d46dde234fcf2222f99350
Xitsonga,senior_grade_7_9,language,English,language_integrated_assessment,False,False,False,False,False,False,False,False,False,/home/byron/Downloads/KnowEdge_AutoRelease_Suite/corpora/caps/pdf/senior_grade_7_9/caps_sp_sal_xitsonga_gr_7-9_web.pdf,742363315e28c9aa5753bdefa493a76ffacd98c9a39fdb4ea840d61517f1f414
