Session Date,Workshop,Unique Learners,Register Reference
2026-04-11,Youth reading workshops delivered,18,REG-APR-01
2026-04-18,Youth reading workshops delivered,16,REG-APR-02
2026-05-02,Youth reading workshops delivered,14,REG-MAY-01
2026-05-09,Youth reading workshops delivered,17,REG-MAY-02
2026-05-23,Youth reading workshops delivered,15,REG-MAY-03
2026-06-06,Youth reading workshops delivered,19,REG-JUN-01
2026-06-13,Youth reading workshops delivered,13,REG-JUN-02
2026-06-20,Youth reading workshops delivered,12,REG-JUN-03
2026-06-27,Youth reading workshops delivered,13,REG-JUN-04
