domain_id,parent_domain_id,domain_family,domain_name,domain_type,source_systems,source_crosswalk_state,default_work_pattern_ids,default_artifact_classes,default_constraint_classes,professional_authority_required,safety_criticality,atlas_status
D000,,ROOT,Human work and knowledge,ROOT,SRC-ISIC5|SRC-CPC3|SRC-ISCO08|SRC-ESCO121|SRC-ISCEDF13|SRC-FORD15|SRC-IPC202601|SRC-ICD11|SRC-AGROVOC|SRC-COFOG99,FEDERATION_ENVELOPE,,,provenance|world_state,false,VARIABLE,FEDERATION_ROOT
D100,D000,PRIMARY,Primary industries and natural resources,FAMILY,SRC-ISIC5|SRC-AGROVOC|SRC-CPC3,FAMILY_ALIGNED_NOT_CODE_EXACT,WP01|WP04|WP05|WP07,records|permits|inspections,safety|environment|jurisdiction,true,HIGH,FEDERATION_SEED
D101,D100,PRIMARY,Agriculture,DOMAIN,SRC-ISIC5|SRC-AGROVOC,FAMILY_ALIGNED_NOT_CODE_EXACT,WP01|WP04|WP05|WP07,production_records|farm_plan|inspection,food_safety|environment|land_use,true,HIGH,FEDERATION_SEED
D102,D101,PRIMARY,Crop production,SUBDOMAIN,SRC-ISIC5|SRC-AGROVOC,FAMILY_ALIGNED_NOT_CODE_EXACT,WP01|WP04|WP05,field_records|inputs|yield_data,food_safety|environment,true,HIGH,FEDERATION_SEED
D103,D101,PRIMARY,Horticulture and protected cultivation,SUBDOMAIN,SRC-ISIC5|SRC-AGROVOC,FAMILY_ALIGNED_NOT_CODE_EXACT,WP01|WP04|WP05,growing_records|quality_records,food_safety|environment,true,HIGH,FEDERATION_SEED
D104,D101,PRIMARY,Livestock production,SUBDOMAIN,SRC-ISIC5|SRC-AGROVOC,FAMILY_ALIGNED_NOT_CODE_EXACT,WP01|WP04|WP05,herd_records|health_records,animal_welfare|food_safety,true,VERY_HIGH,FEDERATION_SEED
D105,D101,PRIMARY,Agricultural services and agronomy,SUBDOMAIN,SRC-ISIC5|SRC-AGROVOC|SRC-ISCO08,FAMILY_ALIGNED_NOT_CODE_EXACT,WP01|WP04|WP10,advice|soil_data|plans,professional_scope|environment,true,HIGH,FEDERATION_SEED
D106,D100,PRIMARY,Forestry,DOMAIN,SRC-ISIC5|SRC-AGROVOC,FAMILY_ALIGNED_NOT_CODE_EXACT,WP01|WP04|WP05|WP07,forest_plan|inventory|permit,environment|land_use|safety,true,HIGH,FEDERATION_SEED
D107,D100,PRIMARY,Fisheries and aquaculture,DOMAIN,SRC-ISIC5|SRC-AGROVOC,FAMILY_ALIGNED_NOT_CODE_EXACT,WP01|WP04|WP05,catch_records|stock_data|permits,environment|food_safety,true,HIGH,FEDERATION_SEED
D108,D100,PRIMARY,Veterinary services,DOMAIN,SRC-AGROVOC|SRC-ISCO08|SRC-ESCO121|SRC-ICD11,FAMILY_ALIGNED_NOT_CODE_EXACT,WP01|WP02|WP04|WP07,clinical_record|lab_result|treatment_plan,professional_license|animal_welfare,true,VERY_HIGH,FEDERATION_SEED
D109,D100,PRIMARY,Mining and quarrying,DOMAIN,SRC-ISIC5|SRC-IPC202601,FAMILY_ALIGNED_NOT_CODE_EXACT,WP01|WP04|WP05|WP07,permit|inspection|production_record,mine_safety|environment|jurisdiction,true,VERY_HIGH,FEDERATION_SEED
D110,D109,PRIMARY,Mineral exploration,SUBDOMAIN,SRC-ISIC5|SRC-IPC202601,FAMILY_ALIGNED_NOT_CODE_EXACT,WP01|WP04|WP05,survey|sample_data|permit,safety|environment|land_rights,true,HIGH,FEDERATION_SEED
D111,D109,PRIMARY,Mining operations and processing,SUBDOMAIN,SRC-ISIC5|SRC-IPC202601,FAMILY_ALIGNED_NOT_CODE_EXACT,WP04|WP05|WP07,operational_log|inspection|maintenance,safety|environment|quality,true,VERY_HIGH,FEDERATION_SEED
D200,D000,INDUSTRY,Manufacturing and industrial production,FAMILY,SRC-ISIC5|SRC-CPC3|SRC-IPC202601,FAMILY_ALIGNED_NOT_CODE_EXACT,WP01|WP04|WP05|WP07,production_record|specification|inspection,quality|safety|environment,true,HIGH,FEDERATION_SEED
D201,D200,INDUSTRY,Food and beverage manufacturing,DOMAIN,SRC-ISIC5|SRC-CPC3|SRC-AGROVOC,FAMILY_ALIGNED_NOT_CODE_EXACT,WP01|WP04|WP05,recipe|batch_record|quality_record,food_safety|quality,true,VERY_HIGH,FEDERATION_SEED
D202,D200,INDUSTRY,Textiles apparel and leather,DOMAIN,SRC-ISIC5|SRC-CPC3|SRC-IPC202601,FAMILY_ALIGNED_NOT_CODE_EXACT,WP01|WP04|WP05,specification|batch_record|supplier_record,quality|labour|chemical_safety,true,HIGH,FEDERATION_SEED
D203,D200,INDUSTRY,Wood paper and printing,DOMAIN,SRC-ISIC5|SRC-CPC3|SRC-IPC202601,FAMILY_ALIGNED_NOT_CODE_EXACT,WP04|WP10|WP11,specification|publication|production_record,quality|copyright|safety,false,MEDIUM,FEDERATION_SEED
D204,D200,INDUSTRY,Chemicals and materials,DOMAIN,SRC-ISIC5|SRC-CPC3|SRC-IPC202601,FAMILY_ALIGNED_NOT_CODE_EXACT,WP01|WP04|WP05|WP07,safety_data|batch_record|specification,chemical_safety|environment|quality,true,VERY_HIGH,FEDERATION_SEED
D205,D200,INDUSTRY,Pharmaceutical manufacturing,DOMAIN,SRC-ISIC5|SRC-CPC3|SRC-IPC202601|SRC-ICD11,FAMILY_ALIGNED_NOT_CODE_EXACT,WP01|WP04|WP05|WP07,batch_record|SOP|validation_record,GxP|patient_safety|quality,true,VERY_HIGH,FEDERATION_SEED
D206,D200,INDUSTRY,Rubber plastics and composites,DOMAIN,SRC-ISIC5|SRC-CPC3|SRC-IPC202601,FAMILY_ALIGNED_NOT_CODE_EXACT,WP04|WP05,specification|test_record|supplier_record,quality|chemical_safety,true,HIGH,FEDERATION_SEED
D207,D200,INDUSTRY,Metals and fabrication,DOMAIN,SRC-ISIC5|SRC-CPC3|SRC-IPC202601,FAMILY_ALIGNED_NOT_CODE_EXACT,WP04|WP05|WP07,drawing|inspection|material_certificate,safety|quality,true,HIGH,FEDERATION_SEED
D208,D200,INDUSTRY,Machinery and industrial equipment,DOMAIN,SRC-ISIC5|SRC-CPC3|SRC-IPC202601,FAMILY_ALIGNED_NOT_CODE_EXACT,WP04|WP05|WP07,design_spec|maintenance_record|inspection,safety|quality,true,HIGH,FEDERATION_SEED
D209,D200,INDUSTRY,Electronics and electrical equipment,DOMAIN,SRC-ISIC5|SRC-CPC3|SRC-IPC202601,FAMILY_ALIGNED_NOT_CODE_EXACT,WP04|WP07,design_spec|test_record|compliance_record,electrical_safety|quality,true,HIGH,FEDERATION_SEED
D210,D200,INDUSTRY,Semiconductors and microelectronics,DOMAIN,SRC-IPC202601|SRC-ISIC5,FAMILY_ALIGNED_NOT_CODE_EXACT,WP01|WP04|WP07,process_spec|yield_data|test_record,quality|export_control|safety,true,HIGH,FEDERATION_SEED
D211,D200,INDUSTRY,Automotive manufacturing,DOMAIN,SRC-ISIC5|SRC-CPC3|SRC-IPC202601,FAMILY_ALIGNED_NOT_CODE_EXACT,WP04|WP05|WP07,design_record|quality_record|supplier_record,functional_safety|quality,true,VERY_HIGH,FEDERATION_SEED
D212,D200,INDUSTRY,Aerospace and aviation manufacturing,DOMAIN,SRC-ISIC5|SRC-IPC202601,FAMILY_ALIGNED_NOT_CODE_EXACT,WP01|WP04|WP05|WP07,design_record|airworthiness_evidence|inspection,aviation_safety|quality|authority,true,VERY_HIGH,FEDERATION_SEED
D213,D200,INDUSTRY,Shipbuilding and marine equipment,DOMAIN,SRC-ISIC5|SRC-IPC202601,FAMILY_ALIGNED_NOT_CODE_EXACT,WP04|WP05|WP07,design_record|survey|inspection,maritime_safety|quality,true,VERY_HIGH,FEDERATION_SEED
D214,D200,INDUSTRY,Medical devices,DOMAIN,SRC-ISIC5|SRC-IPC202601|SRC-ICD11,FAMILY_ALIGNED_NOT_CODE_EXACT,WP01|WP04|WP05|WP07,design_history|risk_file|validation,patient_safety|quality|regulatory,true,VERY_HIGH,FEDERATION_SEED
D215,D200,INDUSTRY,Furniture and consumer goods,DOMAIN,SRC-ISIC5|SRC-CPC3|SRC-IPC202601,FAMILY_ALIGNED_NOT_CODE_EXACT,WP04|WP10,specification|quality_record|catalogue,product_safety|quality,false,MEDIUM,FEDERATION_SEED
D300,D000,INFRASTRUCTURE,Energy utilities construction and built environment,FAMILY,SRC-ISIC5|SRC-CPC3|SRC-IPC202601|SRC-COFOG99,FAMILY_ALIGNED_NOT_CODE_EXACT,WP01|WP04|WP05|WP07,permit|design|inspection|maintenance,safety|environment|jurisdiction,true,VERY_HIGH,FEDERATION_SEED
D301,D300,INFRASTRUCTURE,Electric power generation and grids,DOMAIN,SRC-ISIC5|SRC-IPC202601|SRC-COFOG99,FAMILY_ALIGNED_NOT_CODE_EXACT,WP04|WP05|WP07,grid_record|maintenance|incident,critical_infrastructure|safety,true,VERY_HIGH,FEDERATION_SEED
D302,D300,INFRASTRUCTURE,Renewable energy,DOMAIN,SRC-ISIC5|SRC-IPC202601,FAMILY_ALIGNED_NOT_CODE_EXACT,WP01|WP04|WP05,project_record|permit|performance_data,environment|grid|safety,true,HIGH,FEDERATION_SEED
D303,D300,INFRASTRUCTURE,Oil and gas energy systems,DOMAIN,SRC-ISIC5|SRC-IPC202601,FAMILY_ALIGNED_NOT_CODE_EXACT,WP04|WP05|WP07,permit|inspection|process_record,safety|environment,true,VERY_HIGH,FEDERATION_SEED
D304,D300,INFRASTRUCTURE,Water supply and treatment,DOMAIN,SRC-ISIC5|SRC-COFOG99|SRC-IPC202601,FAMILY_ALIGNED_NOT_CODE_EXACT,WP04|WP05|WP07,water_quality|maintenance|permit,public_health|environment,true,VERY_HIGH,FEDERATION_SEED
D305,D300,INFRASTRUCTURE,Waste management and circular economy,DOMAIN,SRC-ISIC5|SRC-COFOG99|SRC-CPC3,FAMILY_ALIGNED_NOT_CODE_EXACT,WP01|WP04|WP05,manifest|permit|inspection,environment|hazardous_materials,true,HIGH,FEDERATION_SEED
D306,D300,INFRASTRUCTURE,Construction,DOMAIN,SRC-ISIC5|SRC-CPC3|SRC-IPC202601,FAMILY_ALIGNED_NOT_CODE_EXACT,WP01|WP04|WP05|WP11,drawing|contract|inspection|handover,building_code|safety|jurisdiction,true,VERY_HIGH,FEDERATION_SEED
D307,D306,INFRASTRUCTURE,Architecture and building design,SUBDOMAIN,SRC-ISCO08|SRC-ESCO121|SRC-IPC202601,FAMILY_ALIGNED_NOT_CODE_EXACT,WP01|WP04|WP10,brief|drawing|specification,professional_registration|building_code,true,HIGH,FEDERATION_SEED
D308,D306,INFRASTRUCTURE,Civil and structural engineering,SUBDOMAIN,SRC-ISCO08|SRC-ESCO121|SRC-IPC202601,FAMILY_ALIGNED_NOT_CODE_EXACT,WP01|WP04|WP05,design_calculation|drawing|inspection,professional_registration|public_safety,true,VERY_HIGH,FEDERATION_SEED
D309,D306,INFRASTRUCTURE,Facilities and property operations,SUBDOMAIN,SRC-ISIC5|SRC-CPC3,FAMILY_ALIGNED_NOT_CODE_EXACT,WP03|WP04|WP05|WP07,asset_register|maintenance|inspection,safety|service_level,true,HIGH,FEDERATION_SEED
D310,D300,INFRASTRUCTURE,Urban planning and land use,DOMAIN,SRC-COFOG99|SRC-ISCO08|SRC-ESCO121,FAMILY_ALIGNED_NOT_CODE_EXACT,WP01|WP05|WP10,plan|permit|consultation,public_authority|environment|land_rights,true,HIGH,FEDERATION_SEED
D400,D000,COMMERCE,Trade transport hospitality and consumer services,FAMILY,SRC-ISIC5|SRC-CPC3|SRC-ISCO08,FAMILY_ALIGNED_NOT_CODE_EXACT,WP01|WP08|WP10|WP12,order|catalogue|case|shipment,consumer|contract|privacy,false,MEDIUM,FEDERATION_SEED
D401,D400,COMMERCE,Wholesale trade,DOMAIN,SRC-ISIC5|SRC-CPC3,FAMILY_ALIGNED_NOT_CODE_EXACT,WP01|WP05|WP08|WP12,order|supplier_record|catalogue,contract|trade|consumer,false,MEDIUM,FEDERATION_SEED
D402,D400,COMMERCE,Retail trade,DOMAIN,SRC-ISIC5|SRC-CPC3,FAMILY_ALIGNED_NOT_CODE_EXACT,WP08|WP10|WP12,catalogue|order|customer_case,consumer|privacy|payment,false,MEDIUM,FEDERATION_SEED
D403,D400,COMMERCE,E-commerce and marketplaces,DOMAIN,SRC-ISIC5|SRC-CPC3,FAMILY_ALIGNED_NOT_CODE_EXACT,WP07|WP08|WP10|WP12,listing|order|customer_event,consumer|privacy|platform,false,HIGH,FEDERATION_SEED
D404,D400,COMMERCE,Logistics and freight,DOMAIN,SRC-ISIC5|SRC-CPC3|SRC-ISCO08,FAMILY_ALIGNED_NOT_CODE_EXACT,WP01|WP04|WP05|WP07,shipment|manifest|delivery_record,safety|customs|contract,true,HIGH,FEDERATION_SEED
D405,D400,COMMERCE,Warehousing and inventory,DOMAIN,SRC-ISIC5|SRC-CPC3,FAMILY_ALIGNED_NOT_CODE_EXACT,WP03|WP04|WP05,inventory|inspection|movement_record,safety|quality,false,MEDIUM,FEDERATION_SEED
D406,D400,COMMERCE,Road transport,DOMAIN,SRC-ISIC5|SRC-CPC3,FAMILY_ALIGNED_NOT_CODE_EXACT,WP04|WP05|WP07,trip_record|maintenance|permit,transport_safety|licensing,true,HIGH,FEDERATION_SEED
D407,D400,COMMERCE,Rail transport,DOMAIN,SRC-ISIC5|SRC-CPC3,FAMILY_ALIGNED_NOT_CODE_EXACT,WP04|WP05|WP07,service_record|maintenance|incident,transport_safety|critical_infrastructure,true,VERY_HIGH,FEDERATION_SEED
D408,D400,COMMERCE,Maritime transport,DOMAIN,SRC-ISIC5|SRC-CPC3,FAMILY_ALIGNED_NOT_CODE_EXACT,WP04|WP05|WP07,manifest|survey|maintenance,maritime_safety|customs,true,VERY_HIGH,FEDERATION_SEED
D409,D400,COMMERCE,Aviation operations,DOMAIN,SRC-ISIC5|SRC-CPC3,FAMILY_ALIGNED_NOT_CODE_EXACT,WP04|WP05|WP07,flight_record|maintenance|safety_report,aviation_safety|authority,true,VERY_HIGH,FEDERATION_SEED
D410,D400,COMMERCE,Postal and courier services,DOMAIN,SRC-ISIC5|SRC-CPC3,FAMILY_ALIGNED_NOT_CODE_EXACT,WP08|WP12,shipment|delivery_event|case,privacy|consumer,false,MEDIUM,FEDERATION_SEED
D411,D400,COMMERCE,Hospitality and accommodation,DOMAIN,SRC-ISIC5|SRC-CPC3,FAMILY_ALIGNED_NOT_CODE_EXACT,WP04|WP08|WP12,booking|guest_case|inspection,consumer|privacy|safety,false,MEDIUM,FEDERATION_SEED
D412,D400,COMMERCE,Food service and catering,DOMAIN,SRC-ISIC5|SRC-CPC3|SRC-AGROVOC,FAMILY_ALIGNED_NOT_CODE_EXACT,WP04|WP08,menu|inspection|order,food_safety|consumer,true,HIGH,FEDERATION_SEED
D413,D400,COMMERCE,Tourism and travel services,DOMAIN,SRC-ISIC5|SRC-CPC3,FAMILY_ALIGNED_NOT_CODE_EXACT,WP08|WP10|WP12,itinerary|booking|customer_case,consumer|privacy,false,MEDIUM,FEDERATION_SEED
D500,D000,INFORMATION,Information media software data and communications,FAMILY,SRC-ISIC5|SRC-CPC3|SRC-ISCO08|SRC-ESCO121|SRC-IPC202601,FAMILY_ALIGNED_NOT_CODE_EXACT,WP02|WP07|WP10|WP12,content|software|dataset|event,privacy|security|IP,false,HIGH,FEDERATION_SEED
D501,D500,INFORMATION,Publishing,DOMAIN,SRC-ISIC5|SRC-CPC3|SRC-ISCO08,FAMILY_ALIGNED_NOT_CODE_EXACT,WP02|WP10|WP11,manuscript|publication|rights_record,copyright|accuracy,false,MEDIUM,FEDERATION_SEED
D502,D500,INFORMATION,News journalism and media,DOMAIN,SRC-ISIC5|SRC-CPC3|SRC-ISCO08,FAMILY_ALIGNED_NOT_CODE_EXACT,WP02|WP10,source|story|media_asset,source_integrity|defamation|copyright,true,HIGH,FEDERATION_SEED
D503,D500,INFORMATION,Film audio and broadcasting,DOMAIN,SRC-ISIC5|SRC-CPC3,FAMILY_ALIGNED_NOT_CODE_EXACT,WP10|WP12,script|media_asset|schedule,copyright|broadcast_rules,false,MEDIUM,FEDERATION_SEED
D504,D500,INFORMATION,Telecommunications,DOMAIN,SRC-ISIC5|SRC-CPC3|SRC-IPC202601,FAMILY_ALIGNED_NOT_CODE_EXACT,WP04|WP07,network_state|service_record|incident,critical_infrastructure|privacy|security,true,VERY_HIGH,FEDERATION_SEED
D505,D500,INFORMATION,Software engineering,DOMAIN,SRC-ISCO08|SRC-ESCO121|SRC-IPC202601,FAMILY_ALIGNED_NOT_CODE_EXACT,WP02|WP04|WP07|WP11,source_code|requirements|test_result,security|quality|IP,false,HIGH,FEDERATION_SEED
D506,D500,INFORMATION,Cloud and platform operations,DOMAIN,SRC-ISIC5|SRC-CPC3|SRC-ESCO121,FAMILY_ALIGNED_NOT_CODE_EXACT,WP04|WP07|WP09,telemetry|configuration|incident,security|availability|privacy,true,VERY_HIGH,FEDERATION_SEED
D507,D500,INFORMATION,Data engineering and analytics,DOMAIN,SRC-ESCO121|SRC-ISCO08,FAMILY_ALIGNED_NOT_CODE_EXACT,WP01|WP02|WP04|WP07,dataset|pipeline|metric,data_quality|privacy|provenance,false,HIGH,FEDERATION_SEED
D508,D500,INFORMATION,Artificial intelligence and machine learning,DOMAIN,SRC-ESCO121|SRC-IPC202601,FAMILY_ALIGNED_NOT_CODE_EXACT,WP02|WP07|WP09|WP11,model|dataset|evaluation|control,AI_governance|privacy|security,true,VERY_HIGH,FEDERATION_SEED
D509,D500,INFORMATION,Cybersecurity,DOMAIN,SRC-ESCO121|SRC-ISCO08|SRC-IPC202601,FAMILY_ALIGNED_NOT_CODE_EXACT,WP01|WP02|WP07|WP09|WP11,control|telemetry|incident|evidence,security|privacy|authority,true,VERY_HIGH,FEDERATION_SEED
D510,D500,INFORMATION,Data protection and privacy operations,DOMAIN,SRC-ESCO121|SRC-COFOG99,FAMILY_ALIGNED_NOT_CODE_EXACT,WP01|WP05|WP07,policy|data_map|request,privacy|jurisdiction|authority,true,HIGH,FEDERATION_SEED
D511,D500,INFORMATION,Information architecture and knowledge management,DOMAIN,SRC-ESCO121|SRC-ISCO08,FAMILY_ALIGNED_NOT_CODE_EXACT,WP01|WP02|WP10,taxonomy|document|knowledge_asset,provenance|access,false,MEDIUM,FEDERATION_SEED
D600,D000,FINANCE,Finance insurance real estate and business services,FAMILY,SRC-ISIC5|SRC-CPC3|SRC-ISCO08|SRC-ESCO121,FAMILY_ALIGNED_NOT_CODE_EXACT,WP01|WP03|WP04|WP05|WP07,financial_record|contract|report,financial_regulation|privacy|professional_scope,true,HIGH,FEDERATION_SEED
D601,D600,FINANCE,Banking,DOMAIN,SRC-ISIC5|SRC-CPC3|SRC-ISCO08,FAMILY_ALIGNED_NOT_CODE_EXACT,WP01|WP04|WP05|WP07,account|transaction|control|report,financial_regulation|AML|privacy,true,VERY_HIGH,FEDERATION_SEED
D602,D600,FINANCE,Payments and fintech,DOMAIN,SRC-ISIC5|SRC-CPC3|SRC-IPC202601,FAMILY_ALIGNED_NOT_CODE_EXACT,WP01|WP07|WP09|WP12,payment_event|transaction|control,financial_regulation|security|privacy,true,VERY_HIGH,FEDERATION_SEED
D603,D600,FINANCE,Insurance,DOMAIN,SRC-ISIC5|SRC-CPC3|SRC-ISCO08,FAMILY_ALIGNED_NOT_CODE_EXACT,WP01|WP02|WP05,policy|claim|evidence,financial_regulation|professional_scope,true,HIGH,FEDERATION_SEED
D604,D600,FINANCE,Investment and asset management,DOMAIN,SRC-ISIC5|SRC-CPC3|SRC-ISCO08,FAMILY_ALIGNED_NOT_CODE_EXACT,WP01|WP02|WP07|WP12,market_data|portfolio|report,financial_regulation|fiduciary_duty,true,VERY_HIGH,FEDERATION_SEED
D605,D600,FINANCE,Accounting and bookkeeping,DOMAIN,SRC-ISCO08|SRC-ESCO121,FAMILY_ALIGNED_NOT_CODE_EXACT,WP01|WP03|WP04,ledger|invoice|financial_statement,accounting_standard|professional_scope,true,HIGH,FEDERATION_SEED
D606,D600,FINANCE,Audit and assurance services,DOMAIN,SRC-ISCO08|SRC-ESCO121,FAMILY_ALIGNED_NOT_CODE_EXACT,WP01|WP02|WP04|WP07|WP11,audit_evidence|control|working_paper,professional_standard|independence,true,HIGH,FEDERATION_SEED
D607,D600,FINANCE,Tax services and administration,DOMAIN,SRC-ISCO08|SRC-COFOG99,FAMILY_ALIGNED_NOT_CODE_EXACT,WP01|WP05,return|financial_record|rule,tax_law|professional_scope,true,VERY_HIGH,FEDERATION_SEED
D608,D600,FINANCE,Real estate and property services,DOMAIN,SRC-ISIC5|SRC-CPC3,FAMILY_ALIGNED_NOT_CODE_EXACT,WP01|WP05|WP08,property_record|contract|inspection,property_law|consumer,true,HIGH,FEDERATION_SEED
D609,D600,FINANCE,Actuarial science,DOMAIN,SRC-ISCO08|SRC-ESCO121,FAMILY_ALIGNED_NOT_CODE_EXACT,WP01|WP02|WP03,model|assumption|risk_data,professional_standard|financial_regulation,true,VERY_HIGH,FEDERATION_SEED
D700,D000,PROFESSIONAL,Professional scientific legal and administrative services,FAMILY,SRC-ISIC5|SRC-CPC3|SRC-ISCO08|SRC-ESCO121|SRC-FORD15,FAMILY_ALIGNED_NOT_CODE_EXACT,WP01|WP02|WP05|WP10|WP11,case|research|contract|advice,professional_scope|confidentiality,true,HIGH,FEDERATION_SEED
D701,D700,PROFESSIONAL,Legal services,DOMAIN,SRC-ISIC5|SRC-CPC3|SRC-ISCO08,FAMILY_ALIGNED_NOT_CODE_EXACT,WP01|WP02|WP05|WP10|WP11,matter|authority|evidence|correspondence,legal_profession|jurisdiction|privilege,true,VERY_HIGH,FEDERATION_SEED
D702,D700,PROFESSIONAL,Compliance and regulatory affairs,DOMAIN,SRC-ISCO08|SRC-ESCO121|SRC-COFOG99,FAMILY_ALIGNED_NOT_CODE_EXACT,WP01|WP04|WP05|WP07,regulation|control|evidence|filing,jurisdiction|professional_scope,true,VERY_HIGH,FEDERATION_SEED
D703,D700,PROFESSIONAL,Management consulting,DOMAIN,SRC-ISIC5|SRC-CPC3|SRC-ESCO121,FAMILY_ALIGNED_NOT_CODE_EXACT,WP01|WP03|WP10|WP11,brief|analysis|recommendation,confidentiality|scope,false,MEDIUM,FEDERATION_SEED
D704,D700,PROFESSIONAL,Research and development services,DOMAIN,SRC-FORD15|SRC-ISIC5|SRC-ESCO121,FAMILY_ALIGNED_NOT_CODE_EXACT,WP01|WP02|WP07|WP11,research_question|data|method|evidence,research_ethics|integrity,true,HIGH,FEDERATION_SEED
D705,D700,PROFESSIONAL,Scientific laboratory services,DOMAIN,SRC-FORD15|SRC-ISIC5|SRC-ESCO121,FAMILY_ALIGNED_NOT_CODE_EXACT,WP01|WP04|WP07,sample|method|result|quality_record,lab_safety|quality|accreditation,true,VERY_HIGH,FEDERATION_SEED
D706,D700,PROFESSIONAL,Market research,DOMAIN,SRC-ISIC5|SRC-CPC3|SRC-ESCO121,FAMILY_ALIGNED_NOT_CODE_EXACT,WP01|WP02|WP12,research_plan|survey|market_signal,privacy|research_ethics,false,MEDIUM,FEDERATION_SEED
D707,D700,PROFESSIONAL,Advertising and marketing services,DOMAIN,SRC-ISIC5|SRC-CPC3|SRC-ESCO121,FAMILY_ALIGNED_NOT_CODE_EXACT,WP10|WP12,creative|campaign|measurement,consumer|platform|privacy,false,MEDIUM,FEDERATION_SEED
D708,D700,PROFESSIONAL,Public relations and communications,DOMAIN,SRC-ISIC5|SRC-CPC3|SRC-ESCO121,FAMILY_ALIGNED_NOT_CODE_EXACT,WP08|WP10|WP12,message|media_list|response,reputation|privacy,false,MEDIUM,FEDERATION_SEED
D709,D700,PROFESSIONAL,Human resources and recruitment,DOMAIN,SRC-ISIC5|SRC-CPC3|SRC-ESCO121,FAMILY_ALIGNED_NOT_CODE_EXACT,WP03|WP08|WP10,job_profile|candidate_record|performance_record,employment_law|privacy|fairness,true,HIGH,FEDERATION_SEED
D710,D700,PROFESSIONAL,Training and professional development services,DOMAIN,SRC-ISCO08|SRC-ESCO121|SRC-ISCEDF13,FAMILY_ALIGNED_NOT_CODE_EXACT,WP03|WP06|WP10,competency|learning_material|assessment,education_policy|professional_scope,true,HIGH,FEDERATION_SEED
D711,D700,PROFESSIONAL,Procurement and sourcing,DOMAIN,SRC-ISCO08|SRC-ESCO121|SRC-CPC3,FAMILY_ALIGNED_NOT_CODE_EXACT,WP01|WP05|WP08|WP11,RFP|supplier_evidence|bid,procurement_policy|conflict_of_interest,true,HIGH,FEDERATION_SEED
D712,D700,PROFESSIONAL,Project and programme management,DOMAIN,SRC-ISCO08|SRC-ESCO121,FAMILY_ALIGNED_NOT_CODE_EXACT,WP03|WP05|WP07,plan|milestone|deliverable|risk,contract|governance,false,HIGH,FEDERATION_SEED
D713,D700,PROFESSIONAL,Quality management and certification readiness,DOMAIN,SRC-ISCO08|SRC-ESCO121|SRC-CPC3,FAMILY_ALIGNED_NOT_CODE_EXACT,WP01|WP04|WP07|WP11,standard|SOP|record|audit,quality_standard|accreditation,true,HIGH,FEDERATION_SEED
D714,D700,PROFESSIONAL,Occupational health and safety management,DOMAIN,SRC-ISCO08|SRC-ESCO121,FAMILY_ALIGNED_NOT_CODE_EXACT,WP01|WP04|WP05|WP07,risk_assessment|incident|inspection,safety_law|worker_health,true,VERY_HIGH,FEDERATION_SEED
D715,D700,PROFESSIONAL,Environmental consulting and compliance,DOMAIN,SRC-ISIC5|SRC-AGROVOC|SRC-COFOG99,FAMILY_ALIGNED_NOT_CODE_EXACT,WP01|WP04|WP05|WP07,impact_assessment|permit|monitoring,environmental_law|professional_scope,true,HIGH,FEDERATION_SEED
D716,D700,PROFESSIONAL,Design services and industrial design,DOMAIN,SRC-ISIC5|SRC-CPC3|SRC-IPC202601,FAMILY_ALIGNED_NOT_CODE_EXACT,WP10|WP12,brief|design|prototype,IP|safety|consumer,false,MEDIUM,FEDERATION_SEED
D800,D000,PUBLIC,Public administration defence justice emergency and civic functions,FAMILY,SRC-COFOG99|SRC-ISIC5|SRC-ISCO08,FAMILY_ALIGNED_NOT_CODE_EXACT,WP01|WP04|WP05|WP07|WP08|WP09|WP11,policy|permit|case|record,public_authority|jurisdiction|privacy,true,VERY_HIGH,FEDERATION_SEED
D801,D800,PUBLIC,Executive and legislative administration,DOMAIN,SRC-COFOG99|SRC-ISCO08,FAMILY_ALIGNED_NOT_CODE_EXACT,WP01|WP05|WP10|WP11,policy|brief|record|decision,public_authority|records_law,true,HIGH,FEDERATION_SEED
D802,D800,PUBLIC,Public finance and treasury,DOMAIN,SRC-COFOG99|SRC-ISCO08,FAMILY_ALIGNED_NOT_CODE_EXACT,WP01|WP03|WP04|WP05,budget|ledger|appropriation,public_finance_law|audit,true,VERY_HIGH,FEDERATION_SEED
D803,D800,PUBLIC,Tax and customs administration,DOMAIN,SRC-COFOG99|SRC-ISCO08,FAMILY_ALIGNED_NOT_CODE_EXACT,WP01|WP05|WP07,declaration|transaction|rule,tax_law|customs_authority,true,VERY_HIGH,FEDERATION_SEED
D804,D800,PUBLIC,Foreign affairs and diplomacy,DOMAIN,SRC-COFOG99|SRC-ISCO08,FAMILY_ALIGNED_NOT_CODE_EXACT,WP01|WP08|WP10,brief|treaty|correspondence,state_authority|confidentiality,true,VERY_HIGH,FEDERATION_SEED
D805,D800,PUBLIC,Defence and armed forces,DOMAIN,SRC-COFOG99|SRC-ISCO08,FAMILY_ALIGNED_NOT_CODE_EXACT,WP04|WP07|WP09,mission_record|logistics|intelligence,national_security|authority,true,VERY_HIGH,FEDERATION_SEED
D806,D800,PUBLIC,Police public order and law enforcement,DOMAIN,SRC-COFOG99|SRC-ISCO08,FAMILY_ALIGNED_NOT_CODE_EXACT,WP01|WP02|WP07|WP09,incident|evidence|case,law_enforcement_authority|rights,true,VERY_HIGH,FEDERATION_SEED
D807,D800,PUBLIC,Justice courts and tribunals,DOMAIN,SRC-COFOG99|SRC-ISCO08,FAMILY_ALIGNED_NOT_CODE_EXACT,WP01|WP02|WP05|WP11,case|evidence|order|record,judicial_authority|due_process,true,VERY_HIGH,FEDERATION_SEED
D808,D800,PUBLIC,Corrections and rehabilitation,DOMAIN,SRC-COFOG99|SRC-ISCO08,FAMILY_ALIGNED_NOT_CODE_EXACT,WP03|WP05|WP07,case|programme|assessment,human_rights|public_authority,true,VERY_HIGH,FEDERATION_SEED
D809,D800,PUBLIC,Emergency management and disaster response,DOMAIN,SRC-COFOG99|SRC-ISCO08,FAMILY_ALIGNED_NOT_CODE_EXACT,WP07|WP08|WP09,alert|incident|resource|plan,life_safety|public_authority,true,VERY_HIGH,FEDERATION_SEED
D810,D800,PUBLIC,Fire and rescue services,DOMAIN,SRC-COFOG99|SRC-ISCO08,FAMILY_ALIGNED_NOT_CODE_EXACT,WP04|WP07|WP09,incident|inspection|response,life_safety|authority,true,VERY_HIGH,FEDERATION_SEED
D811,D800,PUBLIC,Permits licences and regulatory administration,DOMAIN,SRC-COFOG99|SRC-ISIC5,FAMILY_ALIGNED_NOT_CODE_EXACT,WP01|WP05|WP08|WP09,application|permit|evidence|decision,public_authority|jurisdiction,true,VERY_HIGH,FEDERATION_SEED
D812,D800,PUBLIC,Elections and civic administration,DOMAIN,SRC-COFOG99|SRC-ISCO08,FAMILY_ALIGNED_NOT_CODE_EXACT,WP01|WP04|WP07,register|ballot_process|audit,election_law|public_trust,true,VERY_HIGH,FEDERATION_SEED
D813,D800,PUBLIC,Social protection administration,DOMAIN,SRC-COFOG99|SRC-ISCO08,FAMILY_ALIGNED_NOT_CODE_EXACT,WP01|WP05|WP08,application|eligibility|benefit_case,public_authority|privacy|fairness,true,HIGH,FEDERATION_SEED
D814,D800,PUBLIC,Public procurement,DOMAIN,SRC-COFOG99|SRC-CPC3|SRC-ISCO08,FAMILY_ALIGNED_NOT_CODE_EXACT,WP01|WP05|WP08|WP11,RFP|bid|supplier_evidence,procurement_law|public_authority,true,VERY_HIGH,FEDERATION_SEED
D900,D000,EDUCATION,Education training and learning,FAMILY,SRC-ISCEDF13|SRC-ISCO08|SRC-ESCO121|SRC-COFOG99,FAMILY_ALIGNED_NOT_CODE_EXACT,WP03|WP06|WP10|WP13,curriculum|assessment|learning_artifact,academic_authority|privacy,true,HIGH,FEDERATION_SEED
D901,D900,EDUCATION,Early childhood education,DOMAIN,SRC-ISCEDF13|SRC-ISCO08,FAMILY_ALIGNED_NOT_CODE_EXACT,WP03|WP06|WP10,curriculum|learning_record|assessment,child_safety|education_policy,true,VERY_HIGH,FEDERATION_SEED
D902,D900,EDUCATION,Primary and secondary education,DOMAIN,SRC-ISCEDF13|SRC-ISCO08,FAMILY_ALIGNED_NOT_CODE_EXACT,WP03|WP06|WP10,curriculum|assessment|learner_record,academic_authority|child_safety,true,HIGH,FEDERATION_SEED
D903,D900,EDUCATION,Technical vocational and apprenticeship education,DOMAIN,SRC-ISCEDF13|SRC-ISCO08|SRC-ESCO121,FAMILY_ALIGNED_NOT_CODE_EXACT,WP03|WP06|WP10,competency|assessment|workplace_evidence,academic_authority|safety,true,HIGH,FEDERATION_SEED
D904,D900,EDUCATION,Higher education,DOMAIN,SRC-ISCEDF13|SRC-ISCO08|SRC-ESCO121,FAMILY_ALIGNED_NOT_CODE_EXACT,WP03|WP06|WP10|WP11,curriculum|assessment|research|accreditation,academic_authority|integrity,true,HIGH,FEDERATION_SEED
D905,D900,EDUCATION,Corporate and professional learning,DOMAIN,SRC-ESCO121|SRC-ISCO08,FAMILY_ALIGNED_NOT_CODE_EXACT,WP03|WP06|WP10,competency|course|assessment,professional_framework|privacy,true,HIGH,FEDERATION_SEED
D906,D900,EDUCATION,Curriculum design and instructional design,DOMAIN,SRC-ISCEDF13|SRC-ESCO121,FAMILY_ALIGNED_NOT_CODE_EXACT,WP03|WP06|WP10|WP13,curriculum|learning_sequence|assessment,academic_authority|accessibility,true,HIGH,FEDERATION_SEED
D907,D900,EDUCATION,Accreditation and institutional quality,DOMAIN,SRC-ISCEDF13|SRC-COFOG99,FAMILY_ALIGNED_NOT_CODE_EXACT,WP01|WP04|WP11,criterion|evidence|self_evaluation,accreditation_authority|quality,true,VERY_HIGH,FEDERATION_SEED
D1000,D000,HEALTH,Human health medicine care and life sciences,FAMILY,SRC-ICD11|SRC-ISCO08|SRC-ESCO121|SRC-ISIC5|SRC-IPC202601,FAMILY_ALIGNED_NOT_CODE_EXACT,WP01|WP02|WP04|WP05|WP07,clinical_record|lab_result|care_plan,patient_safety|professional_license|privacy,true,VERY_HIGH,FEDERATION_SEED
D1001,D1000,HEALTH,Primary medical care,DOMAIN,SRC-ICD11|SRC-ISCO08|SRC-ESCO121,FAMILY_ALIGNED_NOT_CODE_EXACT,WP01|WP02|WP07,clinical_record|observation|care_plan,clinical_authority|patient_safety,true,VERY_HIGH,FEDERATION_SEED
D1002,D1000,HEALTH,Specialist medical care,DOMAIN,SRC-ICD11|SRC-ISCO08|SRC-ESCO121,FAMILY_ALIGNED_NOT_CODE_EXACT,WP01|WP02|WP07,clinical_record|diagnostic_evidence|treatment_plan,clinical_authority|patient_safety,true,VERY_HIGH,FEDERATION_SEED
D1003,D1000,HEALTH,Nursing and midwifery,DOMAIN,SRC-ICD11|SRC-ISCO08|SRC-ESCO121,FAMILY_ALIGNED_NOT_CODE_EXACT,WP03|WP05|WP07,care_record|observation|handover,clinical_authority|patient_safety,true,VERY_HIGH,FEDERATION_SEED
D1004,D1000,HEALTH,Pharmacy,DOMAIN,SRC-ICD11|SRC-ISCO08|SRC-ESCO121,FAMILY_ALIGNED_NOT_CODE_EXACT,WP01|WP04|WP05,medication_record|prescription|inventory,clinical_authority|medicine_safety,true,VERY_HIGH,FEDERATION_SEED
D1005,D1000,HEALTH,Diagnostic laboratories,DOMAIN,SRC-ICD11|SRC-ISCO08|SRC-ESCO121,FAMILY_ALIGNED_NOT_CODE_EXACT,WP01|WP04|WP07,sample|test_result|quality_record,patient_safety|lab_quality,true,VERY_HIGH,FEDERATION_SEED
D1006,D1000,HEALTH,Medical imaging and diagnostics,DOMAIN,SRC-ICD11|SRC-ISCO08|SRC-IPC202601,FAMILY_ALIGNED_NOT_CODE_EXACT,WP01|WP02|WP07,image|finding|report,clinical_authority|patient_safety,true,VERY_HIGH,FEDERATION_SEED
D1007,D1000,HEALTH,Mental health services,DOMAIN,SRC-ICD11|SRC-ISCO08|SRC-ESCO121,FAMILY_ALIGNED_NOT_CODE_EXACT,WP01|WP02|WP07,clinical_record|assessment|care_plan,clinical_authority|privacy|patient_safety,true,VERY_HIGH,FEDERATION_SEED
D1008,D1000,HEALTH,Public health and epidemiology,DOMAIN,SRC-ICD11|SRC-COFOG99|SRC-FORD15,FAMILY_ALIGNED_NOT_CODE_EXACT,WP01|WP02|WP07,dataset|surveillance|guidance,public_health|privacy|research_ethics,true,VERY_HIGH,FEDERATION_SEED
D1009,D1000,HEALTH,Health administration and quality,DOMAIN,SRC-ISIC5|SRC-COFOG99,FAMILY_ALIGNED_NOT_CODE_EXACT,WP01|WP04|WP05|WP07,policy|quality_record|incident,patient_safety|health_regulation,true,VERY_HIGH,FEDERATION_SEED
D1010,D1000,HEALTH,Biotechnology,DOMAIN,SRC-FORD15|SRC-IPC202601|SRC-ISIC5,FAMILY_ALIGNED_NOT_CODE_EXACT,WP01|WP02|WP04|WP07,experiment|sequence|lab_record,biosafety|research_ethics|IP,true,VERY_HIGH,FEDERATION_SEED
D1011,D1000,HEALTH,Clinical research,DOMAIN,SRC-ICD11|SRC-FORD15|SRC-ISCO08,FAMILY_ALIGNED_NOT_CODE_EXACT,WP01|WP02|WP05|WP07,protocol|consent|data|adverse_event,research_ethics|patient_safety,true,VERY_HIGH,FEDERATION_SEED
D1012,D1000,HEALTH,Social care and community services,DOMAIN,SRC-ISIC5|SRC-COFOG99|SRC-ISCO08,FAMILY_ALIGNED_NOT_CODE_EXACT,WP03|WP05|WP08,case|care_plan|service_record,safeguarding|privacy,true,HIGH,FEDERATION_SEED
D1100,D000,SCIENCE,Natural sciences mathematics and research fields,FAMILY,SRC-FORD15|SRC-ISCEDF13|SRC-ESCO121,FAMILY_ALIGNED_NOT_CODE_EXACT,WP01|WP02|WP07|WP11,research_question|dataset|paper,research_integrity|ethics,true,HIGH,FEDERATION_SEED
D1101,D1100,SCIENCE,Mathematics,DOMAIN,SRC-FORD15|SRC-ISCEDF13|SRC-ESCO121,FAMILY_ALIGNED_NOT_CODE_EXACT,WP02|WP10,proof|model|paper,research_integrity,false,MEDIUM,FEDERATION_SEED
D1102,D1100,SCIENCE,Statistics and probability,DOMAIN,SRC-FORD15|SRC-ISCEDF13|SRC-ESCO121,FAMILY_ALIGNED_NOT_CODE_EXACT,WP01|WP02|WP07,dataset|model|analysis,methodological_integrity|privacy,true,HIGH,FEDERATION_SEED
D1103,D1100,SCIENCE,Physics,DOMAIN,SRC-FORD15|SRC-ISCEDF13|SRC-IPC202601,FAMILY_ALIGNED_NOT_CODE_EXACT,WP01|WP02|WP07,experiment|measurement|paper,research_integrity|lab_safety,true,HIGH,FEDERATION_SEED
D1104,D1100,SCIENCE,Chemistry,DOMAIN,SRC-FORD15|SRC-ISCEDF13|SRC-IPC202601,FAMILY_ALIGNED_NOT_CODE_EXACT,WP01|WP02|WP04,experiment|compound|measurement,chemical_safety|research_integrity,true,VERY_HIGH,FEDERATION_SEED
D1105,D1100,SCIENCE,Earth and planetary sciences,DOMAIN,SRC-FORD15|SRC-ISCEDF13,FAMILY_ALIGNED_NOT_CODE_EXACT,WP01|WP02|WP07,survey|sample|model,field_safety|research_integrity,true,HIGH,FEDERATION_SEED
D1106,D1100,SCIENCE,Environmental sciences,DOMAIN,SRC-FORD15|SRC-ISCEDF13|SRC-AGROVOC,FAMILY_ALIGNED_NOT_CODE_EXACT,WP01|WP02|WP07,dataset|monitoring|assessment,environment|research_integrity,true,HIGH,FEDERATION_SEED
D1107,D1100,SCIENCE,Biological sciences,DOMAIN,SRC-FORD15|SRC-ISCEDF13|SRC-AGROVOC,FAMILY_ALIGNED_NOT_CODE_EXACT,WP01|WP02|WP07,sample|observation|dataset,biosafety|research_ethics,true,HIGH,FEDERATION_SEED
D1108,D1100,SCIENCE,Ecology and biodiversity,DOMAIN,SRC-FORD15|SRC-AGROVOC,FAMILY_ALIGNED_NOT_CODE_EXACT,WP01|WP02|WP07,observation|species_record|model,environment|research_ethics,true,HIGH,FEDERATION_SEED
D1109,D1100,SCIENCE,Astronomy and space science,DOMAIN,SRC-FORD15|SRC-IPC202601,FAMILY_ALIGNED_NOT_CODE_EXACT,WP01|WP02|WP07,observation|model|dataset,research_integrity,false,HIGH,FEDERATION_SEED
D1110,D1100,SCIENCE,Computer and information sciences,DOMAIN,SRC-FORD15|SRC-ISCEDF13|SRC-ESCO121,FAMILY_ALIGNED_NOT_CODE_EXACT,WP01|WP02|WP07|WP11,software|dataset|paper,security|research_integrity,false,HIGH,FEDERATION_SEED
D1200,D000,ENGINEERING,Engineering and technology fields,FAMILY,SRC-FORD15|SRC-ISCEDF13|SRC-IPC202601|SRC-ESCO121,FAMILY_ALIGNED_NOT_CODE_EXACT,WP01|WP04|WP05|WP07,design|calculation|test|inspection,professional_scope|safety,true,VERY_HIGH,FEDERATION_SEED
D1201,D1200,ENGINEERING,Mechanical engineering,DOMAIN,SRC-FORD15|SRC-IPC202601|SRC-ESCO121,FAMILY_ALIGNED_NOT_CODE_EXACT,WP01|WP04|WP07,design|calculation|test,safety|professional_scope,true,HIGH,FEDERATION_SEED
D1202,D1200,ENGINEERING,Electrical and electronic engineering,DOMAIN,SRC-FORD15|SRC-IPC202601|SRC-ESCO121,FAMILY_ALIGNED_NOT_CODE_EXACT,WP01|WP04|WP07,design|circuit|test,electrical_safety|professional_scope,true,HIGH,FEDERATION_SEED
D1203,D1200,ENGINEERING,Civil engineering,DOMAIN,SRC-FORD15|SRC-IPC202601|SRC-ESCO121,FAMILY_ALIGNED_NOT_CODE_EXACT,WP01|WP04|WP05,design|calculation|inspection,public_safety|professional_scope,true,VERY_HIGH,FEDERATION_SEED
D1204,D1200,ENGINEERING,Chemical engineering,DOMAIN,SRC-FORD15|SRC-IPC202601|SRC-ESCO121,FAMILY_ALIGNED_NOT_CODE_EXACT,WP01|WP04|WP07,process_design|mass_balance|safety_case,process_safety|professional_scope,true,VERY_HIGH,FEDERATION_SEED
D1205,D1200,ENGINEERING,Materials engineering,DOMAIN,SRC-FORD15|SRC-IPC202601,FAMILY_ALIGNED_NOT_CODE_EXACT,WP01|WP04,test_result|material_spec|analysis,safety|quality,true,HIGH,FEDERATION_SEED
D1206,D1200,ENGINEERING,Industrial and systems engineering,DOMAIN,SRC-FORD15|SRC-ESCO121,FAMILY_ALIGNED_NOT_CODE_EXACT,WP03|WP04|WP07,process_map|metric|control,safety|quality,false,HIGH,FEDERATION_SEED
D1207,D1200,ENGINEERING,Robotics and automation,DOMAIN,SRC-IPC202601|SRC-ESCO121,FAMILY_ALIGNED_NOT_CODE_EXACT,WP04|WP07|WP09,control_system|test|safety_case,functional_safety|security,true,VERY_HIGH,FEDERATION_SEED
D1208,D1200,ENGINEERING,Biomedical engineering,DOMAIN,SRC-FORD15|SRC-IPC202601|SRC-ICD11,FAMILY_ALIGNED_NOT_CODE_EXACT,WP01|WP04|WP07,design|risk_file|validation,patient_safety|professional_scope,true,VERY_HIGH,FEDERATION_SEED
D1209,D1200,ENGINEERING,Environmental engineering,DOMAIN,SRC-FORD15|SRC-IPC202601|SRC-AGROVOC,FAMILY_ALIGNED_NOT_CODE_EXACT,WP01|WP04|WP05,design|monitoring|permit,environment|public_safety,true,HIGH,FEDERATION_SEED
D1210,D1200,ENGINEERING,Energy engineering,DOMAIN,SRC-FORD15|SRC-IPC202601,FAMILY_ALIGNED_NOT_CODE_EXACT,WP01|WP04|WP07,design|performance_data|safety_case,safety|environment,true,HIGH,FEDERATION_SEED
D1300,D000,SOCIAL,Social sciences policy business and human systems,FAMILY,SRC-FORD15|SRC-ISCEDF13|SRC-ESCO121|SRC-COFOG99,FAMILY_ALIGNED_NOT_CODE_EXACT,WP01|WP02|WP03|WP10|WP12,research|policy|case|survey,ethics|privacy|fairness,true,HIGH,FEDERATION_SEED
D1301,D1300,SOCIAL,Economics,DOMAIN,SRC-FORD15|SRC-ISCEDF13,FAMILY_ALIGNED_NOT_CODE_EXACT,WP01|WP02|WP12,dataset|model|policy_analysis,research_integrity,false,MEDIUM,FEDERATION_SEED
D1302,D1300,SOCIAL,Business and management studies,DOMAIN,SRC-FORD15|SRC-ISCEDF13|SRC-ESCO121,FAMILY_ALIGNED_NOT_CODE_EXACT,WP01|WP03|WP12,case|metric|strategy,professional_scope,false,MEDIUM,FEDERATION_SEED
D1303,D1300,SOCIAL,Psychology,DOMAIN,SRC-FORD15|SRC-ISCEDF13|SRC-ESCO121,FAMILY_ALIGNED_NOT_CODE_EXACT,WP01|WP02|WP07,assessment|study|case,research_ethics|clinical_boundary,true,HIGH,FEDERATION_SEED
D1304,D1300,SOCIAL,Sociology,DOMAIN,SRC-FORD15|SRC-ISCEDF13,FAMILY_ALIGNED_NOT_CODE_EXACT,WP01|WP02,survey|study|dataset,research_ethics|privacy,true,HIGH,FEDERATION_SEED
D1305,D1300,SOCIAL,Political science and public policy,DOMAIN,SRC-FORD15|SRC-ISCEDF13|SRC-COFOG99,FAMILY_ALIGNED_NOT_CODE_EXACT,WP01|WP02|WP10,policy|evidence|brief,public_authority|research_integrity,true,HIGH,FEDERATION_SEED
D1306,D1300,SOCIAL,Geography and human geography,DOMAIN,SRC-FORD15|SRC-ISCEDF13,FAMILY_ALIGNED_NOT_CODE_EXACT,WP01|WP02,dataset|map|study,privacy|research_integrity,false,MEDIUM,FEDERATION_SEED
D1307,D1300,SOCIAL,Education research,DOMAIN,SRC-FORD15|SRC-ISCEDF13,FAMILY_ALIGNED_NOT_CODE_EXACT,WP01|WP02|WP06,research_design|assessment|dataset,research_ethics|academic_integrity,true,HIGH,FEDERATION_SEED
D1308,D1300,SOCIAL,Communication and media studies,DOMAIN,SRC-FORD15|SRC-ISCEDF13,FAMILY_ALIGNED_NOT_CODE_EXACT,WP02|WP10,media|study|analysis,research_integrity|copyright,false,MEDIUM,FEDERATION_SEED
D1309,D1300,SOCIAL,Development studies and humanitarian programmes,DOMAIN,SRC-FORD15|SRC-COFOG99,FAMILY_ALIGNED_NOT_CODE_EXACT,WP01|WP03|WP05|WP11,programme|indicator|grant|evidence,donor_rules|ethics,true,HIGH,FEDERATION_SEED
D1400,D000,HUMANITIES,Humanities arts culture heritage and language,FAMILY,SRC-FORD15|SRC-ISCEDF13|SRC-ESCO121|SRC-COFOG99,FAMILY_ALIGNED_NOT_CODE_EXACT,WP02|WP03|WP10|WP11,source|text|collection|media,copyright|heritage|provenance,false,MEDIUM,FEDERATION_SEED
D1401,D1400,HUMANITIES,History and archaeology,DOMAIN,SRC-FORD15|SRC-ISCEDF13,FAMILY_ALIGNED_NOT_CODE_EXACT,WP01|WP02|WP11,source|artifact|catalogue,heritage|provenance|research_integrity,true,HIGH,FEDERATION_SEED
D1402,D1400,HUMANITIES,Philosophy ethics and religion studies,DOMAIN,SRC-FORD15|SRC-ISCEDF13,FAMILY_ALIGNED_NOT_CODE_EXACT,WP02|WP10,text|argument|analysis,research_integrity,false,MEDIUM,FEDERATION_SEED
D1403,D1400,HUMANITIES,Languages linguistics and translation,DOMAIN,SRC-FORD15|SRC-ISCEDF13|SRC-ESCO121,FAMILY_ALIGNED_NOT_CODE_EXACT,WP02|WP10,text|terminology|translation,meaning|copyright|professional_scope,true,HIGH,FEDERATION_SEED
D1404,D1400,HUMANITIES,Literature and writing,DOMAIN,SRC-FORD15|SRC-ISCEDF13,FAMILY_ALIGNED_NOT_CODE_EXACT,WP02|WP10,manuscript|text|critique,copyright|authorship,false,MEDIUM,FEDERATION_SEED
D1405,D1400,HUMANITIES,Visual arts and design,DOMAIN,SRC-ISCEDF13|SRC-ESCO121|SRC-CPC3,FAMILY_ALIGNED_NOT_CODE_EXACT,WP10|WP12,brief|artwork|portfolio,copyright|cultural_context,false,MEDIUM,FEDERATION_SEED
D1406,D1400,HUMANITIES,Performing arts music theatre and dance,DOMAIN,SRC-ISCEDF13|SRC-ESCO121|SRC-CPC3,FAMILY_ALIGNED_NOT_CODE_EXACT,WP03|WP10,score|script|performance_record,copyright|safety,false,MEDIUM,FEDERATION_SEED
D1407,D1400,HUMANITIES,Libraries archives and records management,DOMAIN,SRC-ESCO121|SRC-ISCO08,FAMILY_ALIGNED_NOT_CODE_EXACT,WP01|WP02|WP10|WP11,record|catalogue|archive,records_law|provenance|access,true,HIGH,FEDERATION_SEED
D1408,D1400,HUMANITIES,Museums galleries and cultural heritage,DOMAIN,SRC-ISCO08|SRC-ESCO121|SRC-COFOG99,FAMILY_ALIGNED_NOT_CODE_EXACT,WP01|WP02|WP11,collection|provenance|exhibition,heritage_law|provenance,true,HIGH,FEDERATION_SEED
D1409,D1400,HUMANITIES,Recreation sport and fitness,DOMAIN,SRC-COFOG99|SRC-ISCO08|SRC-ESCO121,FAMILY_ALIGNED_NOT_CODE_EXACT,WP03|WP06,training_plan|performance_record|assessment,safeguarding|health|sport_rules,true,HIGH,FEDERATION_SEED
D1410,D1400,HUMANITIES,Religious and faith organizations,DOMAIN,SRC-COFOG99|SRC-ISIC5,FAMILY_ALIGNED_NOT_CODE_EXACT,WP03|WP05|WP08,programme|record|communication,privacy|organizational_authority,false,MEDIUM,FEDERATION_SEED
D1500,D000,ORGANISATION,Enterprise operations and organizational functions,FAMILY,SRC-ESCO121|SRC-ISCO08|SRC-CPC3|SRC-DIO-META,FAMILY_ALIGNED_NOT_CODE_EXACT,WP01|WP03|WP04|WP05|WP08|WP10|WP11|WP12,policy|contract|record|case,organizational_authority|privacy,false,MEDIUM,FEDERATION_SEED
D1501,D1500,ORGANISATION,Strategy and governance,DOMAIN,SRC-ESCO121|SRC-ISCO08,FAMILY_ALIGNED_NOT_CODE_EXACT,WP01|WP03|WP07|WP10,plan|metric|board_pack,organizational_authority|confidentiality,true,HIGH,FEDERATION_SEED
D1502,D1500,ORGANISATION,Finance operations and budgeting,DOMAIN,SRC-ESCO121|SRC-ISCO08,FAMILY_ALIGNED_NOT_CODE_EXACT,WP01|WP03|WP05,budget|invoice|ledger,financial_controls,false,HIGH,FEDERATION_SEED
D1503,D1500,ORGANISATION,Sales,DOMAIN,SRC-ESCO121|SRC-ISCO08,FAMILY_ALIGNED_NOT_CODE_EXACT,WP08|WP10|WP12,lead|proposal|order,consumer|privacy,false,MEDIUM,FEDERATION_SEED
D1504,D1500,ORGANISATION,Marketing and growth,DOMAIN,SRC-ESCO121|SRC-ISCO08,FAMILY_ALIGNED_NOT_CODE_EXACT,WP10|WP12,market_signal|offer|campaign,consumer|privacy|platform,false,MEDIUM,FEDERATION_SEED
D1505,D1500,ORGANISATION,Customer service and support,DOMAIN,SRC-ESCO121|SRC-ISCO08,FAMILY_ALIGNED_NOT_CODE_EXACT,WP08|WP10,case|message|resolution,privacy|consumer,false,MEDIUM,FEDERATION_SEED
D1506,D1500,ORGANISATION,Human resources and performance management,DOMAIN,SRC-ESCO121|SRC-ISCO08,FAMILY_ALIGNED_NOT_CODE_EXACT,WP03|WP08|WP11,objective|performance_record|review,employment_law|privacy|fairness,true,HIGH,FEDERATION_SEED
D1507,D1500,ORGANISATION,Procurement and vendor management,DOMAIN,SRC-ESCO121|SRC-ISCO08|SRC-CPC3,FAMILY_ALIGNED_NOT_CODE_EXACT,WP01|WP05|WP11,RFP|vendor_evidence|contract,procurement_policy|conflict_of_interest,true,HIGH,FEDERATION_SEED
D1508,D1500,ORGANISATION,Contract management,DOMAIN,SRC-ESCO121|SRC-ISCO08,FAMILY_ALIGNED_NOT_CODE_EXACT,WP01|WP05|WP11,contract|obligation|acceptance,contract_authority,true,HIGH,FEDERATION_SEED
D1509,D1500,ORGANISATION,Risk management,DOMAIN,SRC-ESCO121|SRC-ISCO08,FAMILY_ALIGNED_NOT_CODE_EXACT,WP01|WP07,risk_register|control|incident,risk_policy|authority,true,HIGH,FEDERATION_SEED
D1510,D1500,ORGANISATION,Internal audit and control,DOMAIN,SRC-ESCO121|SRC-ISCO08,FAMILY_ALIGNED_NOT_CODE_EXACT,WP01|WP04|WP07|WP11,control|evidence|finding,audit_independence|governance,true,HIGH,FEDERATION_SEED
D1511,D1500,ORGANISATION,Operations management,DOMAIN,SRC-ESCO121|SRC-ISCO08,FAMILY_ALIGNED_NOT_CODE_EXACT,WP03|WP04|WP07,process|metric|incident,safety|quality,false,HIGH,FEDERATION_SEED
D1512,D1500,ORGANISATION,Supply chain management,DOMAIN,SRC-ESCO121|SRC-ISCO08|SRC-CPC3,FAMILY_ALIGNED_NOT_CODE_EXACT,WP01|WP04|WP05,supplier|inventory|shipment,contract|quality|trade,false,HIGH,FEDERATION_SEED
D1513,D1500,ORGANISATION,Product management,DOMAIN,SRC-ESCO121|SRC-ISCO08,FAMILY_ALIGNED_NOT_CODE_EXACT,WP01|WP03|WP12,requirement|roadmap|experiment,consumer|privacy,false,MEDIUM,FEDERATION_SEED
D1514,D1500,ORGANISATION,Quality assurance,DOMAIN,SRC-ESCO121|SRC-ISCO08,FAMILY_ALIGNED_NOT_CODE_EXACT,WP01|WP04|WP07,standard|test|finding,quality_policy,false,HIGH,FEDERATION_SEED
D1515,D1500,ORGANISATION,Corporate communications,DOMAIN,SRC-ESCO121|SRC-ISCO08,FAMILY_ALIGNED_NOT_CODE_EXACT,WP08|WP10,message|brief|publication,reputation|privacy,false,MEDIUM,FEDERATION_SEED
D1516,D1500,ORGANISATION,Knowledge and document management,DOMAIN,SRC-ESCO121|SRC-ISCO08,FAMILY_ALIGNED_NOT_CODE_EXACT,WP01|WP10|WP11,document|record|taxonomy,records|access|provenance,false,MEDIUM,FEDERATION_SEED
D1600,D000,CIVIL,Civil society nonprofit household and international organizations,FAMILY,SRC-ISIC5|SRC-COFOG99|SRC-CPC3,FAMILY_ALIGNED_NOT_CODE_EXACT,WP01|WP03|WP05|WP08|WP10|WP11,programme|grant|case|report,donor|privacy|organizational_authority,false,MEDIUM,FEDERATION_SEED
D1601,D1600,CIVIL,Nonprofit and NGO operations,DOMAIN,SRC-ISIC5|SRC-CPC3,FAMILY_ALIGNED_NOT_CODE_EXACT,WP01|WP03|WP05|WP11,grant|programme|evidence|report,donor_rules|governance,true,HIGH,FEDERATION_SEED
D1602,D1600,CIVIL,Humanitarian aid,DOMAIN,SRC-COFOG99|SRC-ISIC5,FAMILY_ALIGNED_NOT_CODE_EXACT,WP01|WP03|WP05|WP08,needs_assessment|programme|case,humanitarian_principles|safeguarding,true,VERY_HIGH,FEDERATION_SEED
D1603,D1600,CIVIL,International organizations,DOMAIN,SRC-ISIC5|SRC-COFOG99,FAMILY_ALIGNED_NOT_CODE_EXACT,WP01|WP03|WP05|WP10,programme|policy|report|agreement,international_rules|organizational_authority,true,HIGH,FEDERATION_SEED
D1604,D1600,CIVIL,Household and personal services,DOMAIN,SRC-ISIC5|SRC-CPC3,FAMILY_ALIGNED_NOT_CODE_EXACT,WP08|WP10,appointment|service_record|communication,consumer|privacy,false,MEDIUM,FEDERATION_SEED
D1605,D1600,CIVIL,Community and civic organizations,DOMAIN,SRC-ISIC5|SRC-COFOG99,FAMILY_ALIGNED_NOT_CODE_EXACT,WP03|WP05|WP08,programme|member_record|communication,privacy|organizational_authority,false,MEDIUM,FEDERATION_SEED
D1700,D000,CROSSCUTTING,Cross-cutting governed work fields,FAMILY,SRC-DIO-META|SRC-ESCO121|SRC-ISCO08|SRC-CPC3,FAMILY_ALIGNED_NOT_CODE_EXACT,WP01|WP02|WP03|WP04|WP05|WP07|WP08|WP09|WP10|WP11|WP12|WP13,framework|evidence|case|artifact,context_specific,false,VARIABLE,FEDERATION_SEED
D1701,D1700,CROSSCUTTING,Grant and funding operations,DOMAIN,SRC-DIO-META|SRC-CPC3,FAMILY_ALIGNED_NOT_CODE_EXACT,WP01|WP05|WP10|WP11,grant_call|application|evidence|report,donor_rules|submission_authority,true,HIGH,FEDERATION_SEED
D1702,D1700,CROSSCUTTING,Tender and bid operations,DOMAIN,SRC-DIO-META|SRC-CPC3,FAMILY_ALIGNED_NOT_CODE_EXACT,WP01|WP05|WP10|WP11,RFP|bid|evidence|dossier,procurement_rules|submission_authority,true,HIGH,FEDERATION_SEED
D1703,D1700,CROSSCUTTING,Accreditation operations,DOMAIN,SRC-DIO-META|SRC-ISCEDF13,FAMILY_ALIGNED_NOT_CODE_EXACT,WP01|WP04|WP11,criteria|self_evaluation|evidence,accreditation_authority,true,VERY_HIGH,FEDERATION_SEED
D1704,D1700,CROSSCUTTING,Certification readiness,DOMAIN,SRC-DIO-META|SRC-CPC3,FAMILY_ALIGNED_NOT_CODE_EXACT,WP01|WP04|WP11,standard|record|gap,certification_authority,true,HIGH,FEDERATION_SEED
D1705,D1700,CROSSCUTTING,Policy and control assurance,DOMAIN,SRC-DIO-META|SRC-COFOG99,FAMILY_ALIGNED_NOT_CODE_EXACT,WP01|WP04|WP07,policy|control|evidence,organizational_authority,true,HIGH,FEDERATION_SEED
D1706,D1700,CROSSCUTTING,Contract obligation assurance,DOMAIN,SRC-DIO-META|SRC-CPC3,FAMILY_ALIGNED_NOT_CODE_EXACT,WP01|WP05|WP11,contract|obligation|evidence,contract_authority,true,HIGH,FEDERATION_SEED
D1707,D1700,CROSSCUTTING,Performance and achievement evidence,DOMAIN,SRC-DIO-META|SRC-ESCO121,FAMILY_ALIGNED_NOT_CODE_EXACT,WP01|WP03|WP11,objective|activity|evidence,review_authority,true,MEDIUM,FEDERATION_SEED
D1708,D1700,CROSSCUTTING,Research integrity and evidence review,DOMAIN,SRC-DIO-META|SRC-FORD15,FAMILY_ALIGNED_NOT_CODE_EXACT,WP01|WP02|WP11,claim|source|citation|revision,research_integrity|academic_authority,true,HIGH,FEDERATION_SEED
D1709,D1700,CROSSCUTTING,Document transformation and publication,DOMAIN,SRC-DIO-META|SRC-CPC3,FAMILY_ALIGNED_NOT_CODE_EXACT,WP02|WP10|WP11,document|semantic_units|publication,copyright|release_authority,false,MEDIUM,FEDERATION_SEED
D1710,D1700,CROSSCUTTING,Market discovery and offer experimentation,DOMAIN,SRC-DIO-META|SRC-CPC3,FAMILY_ALIGNED_NOT_CODE_EXACT,WP12|WP13,signal|hypothesis|offer|measurement,spend_authority|publication_authority,false,HIGH,FEDERATION_SEED
D1711,D1700,CROSSCUTTING,Customer intake and case orchestration,DOMAIN,SRC-DIO-META|SRC-ESCO121,FAMILY_ALIGNED_NOT_CODE_EXACT,WP08|WP09,communication|case|attachment,privacy|send_authority,true,HIGH,FEDERATION_SEED
D1712,D1700,CROSSCUTTING,Evidence and proof-room operations,DOMAIN,SRC-DIO-META,FAMILY_ALIGNED_NOT_CODE_EXACT,WP01|WP11,evidence|manifest|receipt|room,disclosure_authority,true,HIGH,FEDERATION_SEED
D1713,D1700,CROSSCUTTING,AI governance and agent authority,DOMAIN,SRC-DIO-META|SRC-ESCO121|SRC-IPC202601,FAMILY_ALIGNED_NOT_CODE_EXACT,WP02|WP07|WP09|WP11,model|evaluation|control|lease,AI_governance|execution_authority,true,VERY_HIGH,FEDERATION_SEED
D1714,D1700,CROSSCUTTING,Incident evidence and chronology,DOMAIN,SRC-DIO-META|SRC-COFOG99,FAMILY_ALIGNED_NOT_CODE_EXACT,WP02|WP07|WP11,event|timeline|evidence,response_authority,true,HIGH,FEDERATION_SEED
D1715,D1700,CROSSCUTTING,Accessibility and inclusive publication,DOMAIN,SRC-DIO-META|SRC-CPC3,FAMILY_ALIGNED_NOT_CODE_EXACT,WP04|WP10,content|accessibility_profile|publication,accessibility_standard|release_authority,false,HIGH,FEDERATION_SEED
D1716,D1700,CROSSCUTTING,Due diligence,DOMAIN,SRC-DIO-META|SRC-CPC3,FAMILY_ALIGNED_NOT_CODE_EXACT,WP01|WP02|WP11,question|evidence|contradiction,confidentiality|professional_scope,true,HIGH,FEDERATION_SEED
D1717,D1700,CROSSCUTTING,Vendor and third-party assurance,DOMAIN,SRC-DIO-META|SRC-CPC3,FAMILY_ALIGNED_NOT_CODE_EXACT,WP01|WP04|WP05|WP07,vendor|questionnaire|evidence|risk,procurement|security|privacy,true,HIGH,FEDERATION_SEED
D1718,D1700,CROSSCUTTING,Change and release assurance,DOMAIN,SRC-DIO-META|SRC-ESCO121,FAMILY_ALIGNED_NOT_CODE_EXACT,WP01|WP07|WP09|WP11,change|test|release_case,release_authority|safety,true,VERY_HIGH,FEDERATION_SEED
D1719,D1700,CROSSCUTTING,Continuous control monitoring,DOMAIN,SRC-DIO-META|SRC-ESCO121,FAMILY_ALIGNED_NOT_CODE_EXACT,WP07,baseline|telemetry|drift,monitoring_authority|privacy,true,HIGH,FEDERATION_SEED
D1720,D1700,CROSSCUTTING,Semantic and taxonomy management,DOMAIN,SRC-ESCO121|SRC-DIO-META,FAMILY_ALIGNED_NOT_CODE_EXACT,WP02|WP10|WP13,term|taxonomy|semantic_object,provenance|versioning,false,MEDIUM,FEDERATION_SEED
D1800,D000,UNKNOWN,Unknown or unseen domain,DOMAIN,SRC-DIO-META,DIO_DEFINED,WP13,task_morphology,unknown_constraints,false,VARIABLE,UNKNOWN_DOMAIN_TEST_ONLY