incarnation,suite,primary_family,source_work_patterns,canonical_work_pattern_ids,candidate_work_pattern_ids,atlas_domain_ids,build_burden,validation_burden,capability_cost_score,capability_cost,source_maturity,execution_truth_class,metamorphic_registry_binding,analogy_state,notes
HOMS Assess,Education & Research,HOMS,"Assessment; Evidence","WP06|WP01",,D902|D904,2,2,2.0,LOW_MEDIUM,Internal proof,PORTFOLIO_INTERNAL_PROOF,NOT_M1_BOUND,CROSSWALKED,"Mapped from canonical DIO META portfolio workbook."
HOMS Exam,Education & Research,HOMS,"Assessment; Quality","WP06|WP04",,D902|D904,2,2,2.0,LOW_MEDIUM,Internal proof,PORTFOLIO_INTERNAL_PROOF,NOT_M1_BOUND,CROSSWALKED,
HOMS Moderate,Education & Research,HOMS,"Assessment; Quality","WP06|WP04",,D902|D904,2,2,2.0,LOW_MEDIUM,Composition candidate,PORTFOLIO_CANDIDATE,NOT_M1_BOUND,CROSSWALKED,
HOMS Curriculum,Education & Research,HOMS,"Learning; Quality","WP04","WP13",D906,2,2,2.0,LOW_MEDIUM,Composition candidate,PORTFOLIO_CANDIDATE,NOT_M1_BOUND,CROSSWALKED,"Learning is a portfolio label not one of the canonical twelve; mapped to WP13 candidate extension."
HOMS Learning Studio,Education & Research,HOMS,"Learning; Document","WP10","WP13",D906|D902,2,2,2.0,LOW_MEDIUM,Internal proof,PORTFOLIO_INTERNAL_PROOF,NOT_M1_BOUND,CROSSWALKED,"Learning is candidate WP13."
HOMS Accreditation,Education & Research,HOMS + META,"Evidence; Quality","WP01|WP04",,D907|D1703,3,3,3.0,MEDIUM,Architecture seeded,PORTFOLIO_ARCHITECTURE_SEEDED,NOT_M1_BOUND,CROSSWALKED,
Sophia Review,Education & Research,Sophia,"Integrity; Evidence","WP02|WP01",,D1708|D904,2,2,2.0,LOW_MEDIUM,Production proof,PORTFOLIO_PRODUCTION_PROOF,NOT_M1_BOUND,CROSSWALKED,
Sophia Research,Education & Research,Sophia,"Integrity; Evidence","WP02|WP01",,D704|D1708,2,2,2.0,LOW_MEDIUM,Composition candidate,PORTFOLIO_CANDIDATE,NOT_M1_BOUND,CROSSWALKED,
Sophia Supervisor,Education & Research,Sophia,"Integrity; Achievement","WP02|WP03",,D904|D1708,3,2,2.5,MEDIUM,Composition candidate,PORTFOLIO_CANDIDATE,NOT_M1_BOUND,CROSSWALKED,
Sophia Integrity,Education & Research,Sophia + META,"Integrity; Assurance","WP02|WP07",,D1708|D904,3,3,3.0,MEDIUM,Architecture seeded,PORTFOLIO_ARCHITECTURE_SEEDED,NOT_M1_BOUND,CROSSWALKED,
Sophia Tutor,Education & Research,Sophia,"Learning; Authority","WP09","WP13",D902|D904,3,3,3.0,MEDIUM,Composition candidate,PORTFOLIO_CANDIDATE,NOT_M1_BOUND,CROSSWALKED,"Learning is candidate WP13; academic authority remains separate."
VAMP Performance,Enterprise Operations,VAMP,"Achievement; Evidence","WP03|WP01",,D1506|D1707,2,2,2.0,LOW_MEDIUM,Internal proof,PORTFOLIO_INTERNAL_PROOF,NOT_M1_BOUND,CROSSWALKED,
PromotionProof,Enterprise Operations,VAMP,"Achievement; Evidence","WP03|WP01",,D1506|D1707,2,2,2.0,LOW_MEDIUM,Profile extension,PORTFOLIO_PROFILE_EXTENSION,NOT_M1_BOUND,CROSSWALKED,
CPDProof,Enterprise Operations,VAMP,"Achievement; Evidence","WP03|WP01",,D905|D1707,2,2,2.0,LOW_MEDIUM,Profile extension,PORTFOLIO_PROFILE_EXTENSION,NOT_M1_BOUND,CROSSWALKED,
ProjectProof,Enterprise Operations,VAMP,"Obligation; Achievement","WP05|WP03",,D712|D1706,2,3,2.5,MEDIUM,Profile extension,PORTFOLIO_PROFILE_EXTENSION,NOT_M1_BOUND,CROSSWALKED,
ImpactProof,Public & Programme Ops,VAMP,"Achievement; Evidence","WP03|WP01",,D1309|D1601|D1707,2,2,2.0,LOW_MEDIUM,Profile extension,PORTFOLIO_PROFILE_EXTENSION,NOT_M1_BOUND,CROSSWALKED,
Evidex EvidenceOps,Evidence & Assurance,Evidex,Evidence,WP01,,D1700|D1712,1,2,1.5,LOW_MEDIUM,Controlled transaction proof,PORTFOLIO_CONTROLLED_TRANSACTION_PROOF,NOT_M1_BOUND,CROSSWALKED,
AuditProof,Evidence & Assurance,META,"Evidence; Assurance","WP01|WP07",,D606|D1510,3,3,3.0,MEDIUM,Composition candidate,PORTFOLIO_CANDIDATE,NOT_M1_BOUND,CROSSWALKED,
VendorProof,Evidence & Assurance,META,"Evidence; Assurance","WP01|WP07",,D1717|D1507,3,3,3.0,MEDIUM,Architecture seeded,PORTFOLIO_ARCHITECTURE_SEEDED,NOT_M1_BOUND,CROSSWALKED,
TenderProof,Public & Programme Ops,META,"Obligation; Evidence; Authority","WP05|WP01|WP09",,D1702|D711|D814,3,4,3.5,HIGH,Architecture seeded,PORTFOLIO_ARCHITECTURE_SEEDED,NOT_M1_BOUND,CROSSWALKED,
GrantProof,Public & Programme Ops,META,"Obligation; Evidence","WP05|WP01",,D1701|D1309|D1601,3,3,3.0,MEDIUM,Architecture seeded,PORTFOLIO_ARCHITECTURE_SEEDED,NOT_M1_BOUND,CROSSWALKED,
DonorProof,Public & Programme Ops,VAMP + Evidex,"Achievement; Obligation","WP03|WP05",,D1309|D1601,2,3,2.5,MEDIUM,Composition candidate,PORTFOLIO_CANDIDATE,NOT_M1_BOUND,CROSSWALKED,
ProgrammeProof,Public & Programme Ops,VAMP + META,"Achievement; Obligation","WP03|WP05",,D1309|D712|D800,3,3,3.0,MEDIUM,Composition candidate,PORTFOLIO_CANDIDATE,NOT_M1_BOUND,CROSSWALKED,
QualityProof,Evidence & Assurance,META,"Quality; Evidence","WP04|WP01",,D713|D200,3,4,3.5,HIGH,Composition candidate,PORTFOLIO_CANDIDATE,NOT_M1_BOUND,CROSSWALKED,
CertificationProof,Evidence & Assurance,META,"Quality; Evidence","WP04|WP01",,D1704|D713,3,4,3.5,HIGH,Composition candidate,PORTFOLIO_CANDIDATE,NOT_M1_BOUND,CROSSWALKED,
PolicyProof,Evidence & Assurance,META,"Obligation; Assurance","WP05|WP07",,D1705|D801,3,3,3.0,MEDIUM,Composition candidate,PORTFOLIO_CANDIDATE,NOT_M1_BOUND,CROSSWALKED,
ContractProof,Evidence & Assurance,META,"Obligation; Evidence","WP05|WP01",,D1706|D1508,2,3,2.5,MEDIUM,Composition candidate,PORTFOLIO_CANDIDATE,NOT_M1_BOUND,CROSSWALKED,
DiligenceRoom,Evidence & Assurance,META Room,"Evidence; Proof","WP01|WP11",,D1716|D600,3,3,3.0,MEDIUM,Composition candidate,PORTFOLIO_CANDIDATE,NOT_M1_BOUND,CROSSWALKED,
AssuranceRoom,Evidence & Assurance,META Room,"Proof; Assurance","WP11|WP07",,D1712|D1705,2,3,2.5,MEDIUM,META primitive,PORTFOLIO_META_PRIMITIVE,NOT_M1_BOUND,CROSSWALKED,
DIO AI Assurance,AI & Digital Trust,META + BEAST + Seraph,"Assurance; Authority","WP07|WP09",,D1713|D508,4,4,4.0,HIGH,Architecture seeded,PORTFOLIO_ARCHITECTURE_SEEDED,NOT_M1_BOUND,CROSSWALKED,
ModelProof,AI & Digital Trust,BEAST + META,"Assurance; Proof","WP07|WP11",,D1713|D508,4,4,4.0,HIGH,Composition candidate,PORTFOLIO_CANDIDATE,NOT_M1_BOUND,CROSSWALKED,
Agent Authority,AI & Digital Trust,META Authority,Authority,WP09,,D1713|D508,5,5,5.0,VERY_HIGH,Architecture seeded,PORTFOLIO_ARCHITECTURE_SEEDED,NOT_M1_BOUND,CROSSWALKED,
ReleaseProof,AI & Digital Trust,BEAST + META,"Assurance; Authority","WP07|WP09",,D1718|D505|D508,4,4,4.0,HIGH,Composition candidate,PORTFOLIO_CANDIDATE,NOT_M1_BOUND,CROSSWALKED,
ChangeProof,AI & Digital Trust,BEAST + META,"Assurance; Evidence","WP07|WP01",,D1718|D505|D508,3,3,3.0,MEDIUM,Composition candidate,PORTFOLIO_CANDIDATE,NOT_M1_BOUND,CROSSWALKED,
AI IncidentRoom,AI & Digital Trust,Seraph + META,"Integrity; Assurance; Proof","WP02|WP07|WP11",,D1714|D508,4,5,4.5,VERY_HIGH,Composition candidate,PORTFOLIO_CANDIDATE,NOT_M1_BOUND,CROSSWALKED,
CriticalAI Assurance,AI & Digital Trust,BEAST + Seraph + ARDA,"Assurance; Authority","WP07|WP09",,D1713|D301|D508,5,5,5.0,VERY_HIGH,Concept composed,PORTFOLIO_CONCEPT_COMPOSED,NOT_M1_BOUND,CROSSWALKED,
CyberAssurance,AI & Digital Trust,Seraph + META,Assurance,WP07,,D509|D1719,4,4,4.0,HIGH,Composition candidate,PORTFOLIO_CANDIDATE,NOT_M1_BOUND,CROSSWALKED,
ControlDrift,AI & Digital Trust,META Assurance,Assurance,WP07,,D1719|D1510,3,3,3.0,MEDIUM,META foundation,PORTFOLIO_META_FOUNDATION,NOT_M1_BOUND,CROSSWALKED,
SupplierCyberProof,AI & Digital Trust,VendorProof + Seraph,"Evidence; Assurance","WP01|WP07",,D1717|D509,4,4,4.0,HIGH,Composition candidate,PORTFOLIO_CANDIDATE,NOT_M1_BOUND,CROSSWALKED,
IncidentProof,AI & Digital Trust,Seraph + META,"Integrity; Proof","WP02|WP11",,D1714|D509,4,5,4.5,VERY_HIGH,Composition candidate,PORTFOLIO_CANDIDATE,NOT_M1_BOUND,CROSSWALKED,
DORA Vendor Assurance,Evidence & Assurance,VendorProof + Legalis,"Obligation; Assurance","WP05|WP07",,D1717|D601,4,5,4.5,VERY_HIGH,Profile candidate,PORTFOLIO_PROFILE_CANDIDATE,NOT_M1_BOUND,CROSSWALKED,
DIO RegOps,Public & Programme Ops,Legalis + META,"Obligation; Authority","WP05|WP09",,D702|D811|D800,4,5,4.5,VERY_HIGH,Architecture seeded,PORTFOLIO_ARCHITECTURE_SEEDED,NOT_M1_BOUND,CROSSWALKED,
PermitProof,Public & Programme Ops,Legalis + META,"Obligation; Authority","WP05|WP09",,D811|D109|D306|D715,4,5,4.5,VERY_HIGH,Composition candidate,PORTFOLIO_CANDIDATE,NOT_M1_BOUND,CROSSWALKED,
Document Studio Edit,Demand & Presence,Document Studio,Document,WP10,,D1709|D501,1,2,1.5,LOW_MEDIUM,Internal proof,PORTFOLIO_INTERNAL_PROOF,NOT_M1_BOUND,CROSSWALKED,
Document Studio Localize,Demand & Presence,Document Studio + Lingua,"Document; Assurance","WP10|WP07",,D1709|D1403,2,3,2.5,MEDIUM,Internal proof,PORTFOLIO_INTERNAL_PROOF,NOT_M1_BOUND,CROSSWALKED,
Document Studio Publish,Demand & Presence,Format Core,"Document; Proof","WP10|WP11",,D1709|D501,1,2,1.5,LOW_MEDIUM,Internal proof,PORTFOLIO_INTERNAL_PROOF,NOT_M1_BOUND,CROSSWALKED,
Accessible Publish,Demand & Presence,Format Core,"Document; Quality","WP10|WP04",,D1715|D1709,2,3,2.5,MEDIUM,Internal capability,PORTFOLIO_INTERNAL_CAPABILITY,NOT_M1_BOUND,CROSSWALKED,
DossierOps,Demand & Presence,Document Studio + Room,"Document; Proof","WP10|WP11",,D1709|D1712,2,3,2.5,MEDIUM,Composition candidate,PORTFOLIO_CANDIDATE,NOT_M1_BOUND,CROSSWALKED,
Market Radar,Demand & Presence,NicheFoundry + Hivenance,Market,WP12,,D1710|D706,1,2,1.5,LOW_MEDIUM,Implemented lane,PORTFOLIO_IMPLEMENTED,NOT_M1_BOUND,CROSSWALKED,
Opportunity Foundry,Demand & Presence,NicheFoundry + Hivenance,Market,WP12,,D1710|D1504,1,2,1.5,LOW_MEDIUM,Implemented foundation,PORTFOLIO_IMPLEMENTED,NOT_M1_BOUND,CROSSWALKED,
Offer Lab,Demand & Presence,NicheFoundry + Hivenance,"Market; Assurance","WP12|WP07",,D1710|D1504,1,2,1.5,LOW_MEDIUM,Implemented foundation,PORTFOLIO_IMPLEMENTED,NOT_M1_BOUND,CROSSWALKED,
Campaign Lab,Demand & Presence,NicheFoundry + Hivenance,"Market; Learning","WP12","WP13",D1710|D1504,2,2,2.0,LOW_MEDIUM,Implemented foundation,PORTFOLIO_IMPLEMENTED,NOT_M1_BOUND,CROSSWALKED,"Learning is candidate WP13."
Vesper Desk,Demand & Presence,Vesper,"Intake; Authority","WP08|WP09",,D1711|D1505,2,3,2.5,MEDIUM,Fusion core,PORTFOLIO_FUSION_CORE,NOT_M1_BOUND,CROSSWALKED,"Draft/send side effects remain separately authorized."